col1,col2,col3,col4,col5
0.5745071229516849,0.05499034054052308,0.2752550472814862,0.16287619472878653,0.5016562906623387
0.4792603548243223,0.0331346451855227,0.12937709000065692,0.03586107451957101,0.508248259992804
0.5971532807151039,0.30353523441123914,0.18642060330455312,0.18689261626561332,0.6819164755196133
0.7284544784612038,0.36773848185347985,0.3710885194710013,0.28021975907890234,0.4752523224157013
0.4648769937914996,0.009628724020809633,0.7420685436638503,0.5039853388745347,0.5689449821396159
0.4648794564576229,0.8256582163346726,0.5576389146954407,0.2905356993774629,0.4979009644405113
0.7368819223261087,0.01601114570370241,0.5101341807651332,0.21370325400439458,0.4163522656154212
0.6151152093729363,0.2338052664286866,0.3347910585664973,0.17420404077010232,0.40511150894759107
0.42957884210975716,0.37039200121837174,0.8454029755462531,0.39919600736253635,0.426477549647452
0.5813840065378947,0.6143110657364282,0.41761203298975336,0.2659319496638474,0.8593948389562966
0.43048734607813066,0.37562024186160786,0.1696742134366172,0.4020401338219225,0.46813295825621914
0.4301405369644615,0.4854347617790178,0.593653212894241,0.1054043592980552,0.6405650197135375
0.5362943407349051,0.12440482474393008,0.19107071478128113,0.18962207868009487,0.5339106539029617
0.21300796330133032,0.505936370804377,0.37617851424135373,0.3548328182831716,0.421187773576081
0.24126232512304507,0.025051934927448796,0.5059295509742471,0.07851743073924757,0.584853562457776
0.4156568706138541,0.6756150956355648,0.7993780197481407,0.12350488995470801,0.4315855529838653
0.3480753319498364,0.23795150486367883,0.49483726427209496,0.24137784545030638,0.41547005969193024
0.547137099889291,0.5099692828996556,0.6618070128253314,0.4688543103047804,0.6016001123320233
0.3637963886718184,0.1806182915805139,0.8942534711992564,0.5491671814360513,0.6278451469085778
0.2881544447997063,0.3094917005160266,0.2051912959183853,0.13208665662881736,0.556950830055349
0.7198473153382331,0.22421934418763087,0.31978522041561563,0.29893631402013454,0.4912167816469031
0.46613355492701963,0.3945713504960762,0.4156608604781171,0.5146805029932751,0.47295142452101674
0.5101292307031886,0.025546469966686847,0.4374625428310651,0.40089713682600786,0.5007803588768512
0.2862877720679815,0.01867500939570452,0.4288168602124366,0.2842255949831302,0.5265550726660998
0.4183425913212226,0.08514814726197491,0.8260888020452439,0.31754411011338207,0.8074755289048041
0.5166383884564799,0.052143445954545016,0.6712261155734851,0.13848346987034896,0.5397094594478182
0.3273509633866546,0.6162106671007195,0.586324171272563,0.20097123645401038,0.4985372548068944
0.5563547027518508,0.07423624745416618,0.34749817429022567,0.24188964316220724,0.499084501309511
0.40990419651217924,1.0,0.7590323073770358,0.2295611941890383,0.9587793353057222
0.4562459375310085,0.12324693729942879,0.8640484091879912,0.2156860757163646,0.4971235352700536
0.4097440081655905,0.06031113119365586,0.7569586260401813,0.12310958018220286,0.44755595493009404
0.7778417276763406,0.46776392927830424,0.10125208415317832,0.5160624858560737,0.7611164872746238
0.4979754162893099,0.32250486160245556,0.6091210961467256,0.2623139249573352,0.6692961391375802
0.34134336065661497,0.20686353261703014,0.14090830515368058,0.2309942687514944,0.6383660784956355
0.6233817368154784,0.2431494897346862,0.3060857762669775,0.09595128593448145,0.6197126517818187
0.3168734525043467,0.38103568191868986,0.14761976027821735,0.340353357371217,0.36879367041806493
0.5313295392507134,0.07780798370601201,0.5830363623595102,0.15694670027434335,0.7555857194415703
0.2060494814180337,1.0,0.6492719307940854,0.1620025771710848,0.552110826699468
0.3007720926652354,1.0,0.19159011045272412,0.19459935313145535,0.4157913229483774
0.5295291853803685,0.31522592703976704,0.40707110643598365,0.3889033363849212,0.5137770863526281
0.6107699869993115,0.066771533540668,0.4649892071644336,0.3240072686151163,0.5235166078801998
0.5257052421784956,0.3420443385826106,0.39524241740873334,0.05696068686177275,0.40163342685455655
0.4826527576417639,0.022481211550287986,0.19682000038815445,0.5068443274386882,0.44866321737307424
0.4548344456616067,0.009339634957085844,0.4351582321499804,0.30439250526781686,0.5930680481362652
0.2782217014448859,0.08939362594166896,0.7009424382467345,0.2972452247392276,0.5968568682061657
0.3920233687407937,0.18631659056203168,0.1568061316266044,0.1367056096153261,0.46415412075204243
0.4309041843560319,0.6081059775572522,0.16414401126552275,0.44914011712217095,0.5384348471970084
0.6585683339328373,0.38967089364536667,0.38381703346878737,0.25181479605739426,0.5547455886886731
0.5515427434352692,0.40726137142479657,0.8533805692951401,0.16951392607312646,0.3825409685414076
0.2355439766955899,0.16627307382222414,0.6348581173783312,0.08014649270573643,0.6210377339258701
0.5486125954092193,0.12736455980684477,0.6429359653380519,0.23253705235538352,0.4227498419431289
0.44223765793755254,0.1391056951641891,0.38953599267029204,0.4841625365767797,0.38896723553443596
0.3984616999541062,1.0,0.5749286329668307,0.1693257626556566,0.5371390893499152
0.5917514433261302,0.0122807226131786,0.10810494722219471,0.07477892700140167,0.4386298254147278
0.6546499283743926,0.6052928975267217,0.6088768371276337,0.18524232349219433,0.6403829251961854
0.6396920178674298,0.25930552240579874,0.8306295580609894,0.16796351370450527,0.44132861798274997
0.37411737151660424,0.17320472431039785,0.5900587746758553,0.2763354949660545,0.3918540172977339
0.45361814362231784,0.38757647024666114,0.798958874773076,0.13097855154707988,0.4901068283894442
0.5496895147105346,0.20005029107976421,0.679178444372875,0.1542500262093677,0.6575504770976561
0.6463317690683539,0.62007190238033,0.19644673312295222,0.08993538353011882,0.5982919327923517
0.4281238643232065,0.6928885438861123,0.8219626458286734,0.3465590425511273,0.4675166642188884
0.4721511535004274,0.16430961040620742,0.15315507548461993,0.16499025374641893,0.5622748981384024
0.33404975389909575,0.09723237212554257,0.5271739780382111,0.1454381844637113,0.5618260923535248
0.3205690063878994,0.26920413658227277,0.21370969903476614,0.451163889216197,0.5781265887630225
0.6218788733591297,0.7303667818570797,0.10936528858472326,0.5292063498589319,0.7180037966226906
0.7034360042856235,0.07096826968500736,0.4376274081021112,0.37717719713879494,0.46240308452139683
0.48919848176294994,0.29262643730987264,0.336032566123325,0.49771530922633084,0.5632236061765865
0.6505299346838036,0.299543400067663,0.4888003950380825,0.42318456662924475,0.6624891167018664
0.5542454037571451,0.39627900453805665,0.5617599093876406,0.21733647489695554,0.4745976061994073
0.40323203680923136,0.042319688910798126,0.1349912578471579,0.10549743468741869,0.44718254490841186
0.554209340826262,0.37744947273813295,0.19840263609899653,0.17711581607683305,0.6287631773039475
0.7307054849698954,0.7191759618867735,0.5469139171603403,0.15601042342477014,0.516676427416921
0.4946260941335073,0.05941936823404337,0.3745338825381266,0.3583027272484148,0.6145625721859388
0.7346965483721009,0.08136287750614858,0.6833387900395584,0.2382117203777517,0.6639292146258686
0.10703823438653837,1.0,0.6218333188735518,0.04443763713492062,0.49607222968217096
0.6232853756562836,0.059892916426547364,0.7764834903919254,0.17743415640634938,0.4708945867171228
0.5130570602357257,0.5780369303269973,0.6539942613353802,0.08105034586883751,0.46938681139920685
0.4551488974301199,0.20334628276606473,0.44394486191211857,0.23325972978998843,0.7027973067558801
0.5137641164803254,0.08519909099831113,0.6383732979155459,0.4563029734443914,0.5701261940948715
0.2018646628098661,0.6138018005234547,0.3203049394043348,0.11099512270858747,0.6344538972819052
0.4670492168243732,0.17680119766798671,0.3450507990225702,0.524107383079782,0.7640097025491279
0.5535668857267619,0.21696896073033542,0.7311881279366347,0.2494485341513156,0.4724701085831989
0.7216841067112274,0.13352698775334235,0.4571356131212657,0.35765966969172464,0.5188859123680768
0.4222594672589529,0.26964640280552354,0.7387042724146821,0.1411241998676989,0.624405719723417
0.37872595956602184,0.05356718928528941,0.7579378989346227,0.25621935561558057,0.454615166581806
0.42473644346231954,0.14882127190904207,0.786049870129027,0.5239791499617252,0.3675066776221795
0.6373103176553111,1.0,0.8333081886729659,0.4819498063691885,0.45396102647644165
0.5493126664489527,0.08957576412720185,0.44478817641063706,0.2639644320402215,0.6080651775334416
0.4205359694349442,0.3207772153551308,0.3550934546569111,0.22351415888456408,0.6343200755656347
0.5769901149670034,0.11799726131667812,0.5657589972752911,0.27642704708167387,0.4428582947919052
0.5145616324022061,0.4454675072121495,0.3969379387501021,0.32112925534140707,0.5721398870787497
0.6452967485799334,0.042080033883041025,0.5808593334401864,0.557406885681536,0.600858129262924
0.39469203591839713,1.0,0.6644686901150597,0.16218908617481992,0.8195031839261642
0.4508506780103348,0.18142527664942135,0.6507240147937094,0.15480747939205203,0.4549637251548076
0.44118377703017636,0.08077606304931607,0.39964230961609715,0.20960392282734935,0.6016804326734111
0.2804727577801822,0.02290131676678112,0.23348816135900227,0.10686653718771086,0.49177140370058253
0.5444180415596864,0.05581138203137818,0.44442347076976607,0.36441921405229005,0.6668104940114885
0.5391582908269834,0.22004950362887443,0.214075315265527,0.06985421523280302,0.4061232274316089
0.5007670184963692,0.12329552394154998,0.8120776281470466,0.5752524381494896,0.4939335870034619
0.46481192999372795,0.5296229652366472,0.37670196859028593,0.28165155884564697,0.6657498405122297
0.2876943886924379,0.16910315720567773,0.22356779777865904,0.37944115369394515,0.47778657070211944
0.43690320158519613,0.0857907710927553,0.12035820792460071,0.045659631002925305,0.6493042811695255
0.4485928225209846,0.28802967497204035,0.6166579090291874,0.3907392159198113,0.45514713425093306
0.3796584096167572,0.36804678208780345,0.6095218539637945,0.32590294062100394,0.5374107565731822
0.47580714325009865,0.05483158430575404,0.37248333326503336,0.3450841502829877,0.6190444517524194
0.5606076285221807,0.05503958103922821,0.1573695110781208,0.23701367390107056,0.4032163602674112
0.7829278851815795,0.01120821840284482,0.4277031159161856,0.4243518655493258,0.7739555671839755
0.5261866719247759,0.3999990362369502,0.3489739960507149,0.12881200099088816,0.6379431391009465
0.5386325586084146,0.3270187575441297,0.6416965117880075,0.3299114686361586,0.3940000238746216
0.4888331126350749,0.19309625089058782,0.5846233995621523,0.06675553056618239,0.40186080886511044
0.2121843177051438,0.557697747202845,0.391674982558032,0.10571078303232644,0.4129826946111697
0.49602291868261744,0.4914594963508054,0.2743140434039921,0.5357995621053333,0.428314424336198
0.509034531491154,0.2640993040907765,0.8904287729244735,0.15957134377575063,0.5340639994796099
0.8694863168727929,0.6081031879587008,0.46320129695689194,0.12287989871766325,0.5553961029620545
0.4711458552828316,0.06914155511117206,0.6506193886241897,0.30995644773932673,0.42797364023936973
0.5452321013500419,0.035607906417085375,0.21244237406268862,0.5006741240171694,0.3613627640256721
0.4947932345442135,0.09431034171843239,0.4884717597275182,0.19253338124350866,0.60510176516632
0.3246982943570702,0.017634332018988813,0.12202937589557239,0.6798139772747849,0.4061337457496876
0.671423422177253,0.22725421285018316,0.5043640943283599,0.16580692395614124,0.3947718028514197
0.6127899549030161,0.8275143616205899,0.8712139256941619,0.44532573170634104,0.46805556478857874
0.618654792056457,0.01204152492281467,0.4073653703886402,0.28710346659034747,0.3885269871724688
0.36359188178078916,0.03907016399493502,0.13119681005992928,0.20515210248463084,0.374915028832294
0.7104191466404148,0.18055297449057928,0.12476463273547483,0.3569482999794101,0.517028048010892
0.28972234058115787,0.8148625961627983,0.41038940795749557,0.08720531597496316,0.5990958603971579
0.5880285640700406,0.11400768331703609,0.22801994917055524,0.23791157291652001,0.6646725155455839
0.8285683438714968,0.21231675113140355,0.11868167706254873,0.2125906368597829,0.48571823879967113
0.35141955123039675,0.012738519900315508,0.7049708911601414,0.3380474712276761,0.9092877584568679
0.4150553405595842,0.048171495400925676,0.4668184071055126,0.29052756084271986,0.5986067141883795
0.5149477047631462,1.0,0.33139581757812364,0.3479181328972756,0.6852172700196681
0.4244786518825701,1.0,0.8200665464131845,0.42219960770511694,0.59028166686206
0.2674004853400801,0.0014856668921482848,0.1929111681604205,0.24249642318363557,0.755928701511161
0.5102844462209041,0.9097922396036445,0.8647350631642554,0.3024763373927353,0.4122493968454419
0.34065444294108427,0.30576288407055024,0.3511733739018823,0.5685546252018754,0.8328384760665378
0.5710388645952772,0.6073003700929532,0.810722937846945,0.29393240112032726,0.7120497627592826
0.3620863648649295,0.18194768072760284,0.5823543011835692,0.23718069472344744,0.8354443870352057
0.7324901607526308,0.21745082060933132,0.76136588779319,0.4348483136027772,0.6177821486607364
0.38251200614956443,0.201325649852658,0.8872105305683714,0.24766475341982122,0.5463859792665399
0.4516907725691487,0.329761571119675,0.3307243502549966,0.5915252921662858,0.646617214552752
0.6220275826054504,0.045125236262837154,0.8689083883260744,0.49414273786873564,0.45896735277288103
0.31537035253490675,0.00912959427599138,0.41158551592193626,0.19275092244199293,0.5122090831570205
0.5341189901906194,0.11042042640413426,0.4084095237895379,0.21570858057122805,0.7133657027033666
0.6960714131423642,0.36590950426225183,0.3723096834036046,0.4548274324248505,0.7805023789231458
0.2588775148158159,0.06763891633098311,0.5331260858780682,0.43203347294911104,0.3805340054824448
0.5276950787798457,0.3357355227995937,0.2233160345427897,0.4727380263938699,0.8697650214065498
0.5389824191372635,1.0,0.5429691882864089,0.2538973946761992,0.6114233379558163
0.6172734307665966,0.02958191811653609,0.5333638499280032,0.28572136176326274,0.5035301286094115
0.3144573933682877,0.33497372517136087,0.709521450083896,0.2317922806044498,0.4425901661079361
0.3019315080373586,0.17596135192715207,0.7669199695500685,0.23320414628000993,0.43455896866484933
0.5782912348425346,0.6078094866580549,0.45235308024993925,0.16973032592208812,0.6040013802463028
0.544547700984978,0.058494329717593135,0.341866599481195,0.49151217411248727,0.5750510921781534
0.5375739275518815,0.3539069629141061,0.30746791785367555,0.33195877515080124,0.415214112142964
0.5519672314245464,0.5462612584792936,0.2556990693638975,0.34270313402458813,0.692792323678777
0.3979962917632264,0.8680297162140819,0.14611806575921993,0.47320746037150585,0.48835259662269037
0.5348380545741506,0.34489087049538664,0.37395838306777074,0.057826174727944005,0.4365429228455695
0.5439608709948022,0.20625378378346187,0.3161981537046266,0.3342823374545915,0.6002410886287355
0.39284728729604484,0.2885804566652824,0.8731339086931259,0.5055663733930453,0.42974324412960224
0.7798661766717134,0.6095498728103733,0.5461670610000352,0.10926771693672341,0.8401129206289603
0.5710749381367681,0.25361672762070175,0.37782163122440604,0.47637186210417104,0.666587807113457
0.3213044754196027,0.009257495320171559,0.5643740807949568,0.3351520189164386,0.5132975332772594
0.5984830412950745,0.8018716521897519,0.21135736107655642,0.31131126560378347,0.4560336508213094
0.3537977494659018,0.3508972608033451,0.45523499936176237,0.31565145210422435,0.4764182130237234
0.6180626905613678,0.33857926316384673,0.6009874571368511,0.13425930596426694,0.6609886827939487
0.6737893368511106,0.07287959940540718,0.4911182654339611,0.04261251654027319,0.4171827464529583
0.3768976522472434,0.3226610981004266,0.42142304052345947,0.44024925150934274,0.666592804608059
0.6445064193866483,0.15019546946875764,0.8950787111197586,0.1195934956640864,0.5824554545663161
0.5619171390404747,0.3160053407061709,0.8042518097191417,0.2000779313230957,0.5807395813919218
0.6233090239991735,0.033813920634808814,0.5987247665275521,0.7007817975708072,0.7305144569694231
0.784518947398092,0.32174769553975696,0.5555018889458262,0.2817555447671213,0.39768634930823016
0.46319178259956945,1.0,0.5965283838596672,0.34926511547555156,0.7631476872707864
0.3869395753463766,0.014823899668290206,0.2610496862579466,0.18348662812958907,0.5438849007951635
0.3665728355561715,1.0,0.41611019461145493,0.5023166737897836,0.5753271214393858
0.37762845725518424,0.15672170473637917,0.13156762631271945,0.06245007841002178,0.4867050902292107
0.48843474358788436,0.6138100383047259,0.48043682998946136,0.4354437700393007,0.4773801859633735
0.5511727962224966,0.45750901708028774,0.5344196671661305,0.0920630148030118,0.6465406172505834
0.5415036198995029,0.2511165317779657,0.2821997888825677,0.6257518883853295,0.5875530241302336
0.6240774873554036,0.4023380357557976,0.871223077732411,0.37700811694720254,0.6276321022755469
0.501950283781686,0.6323907302875019,0.8275636887497936,0.1271719790497805,0.440024405456467
0.7180301115735975,0.1553250235946108,0.6777145883647246,0.27435287356315835,0.5371248494442591
0.46030147501430657,0.11881776743730194,0.5267093030122901,0.38256661568693123,0.4760244015771118
0.9080253749884428,0.33041889515169204,0.7959753277181479,0.17843961982715925,0.4916751491907571
0.5938501021647509,0.49483735289132197,0.20452187505877034,0.2162905367743838,0.4719767634778194
0.3714263665375576,0.4310050106461536,0.7324078354199081,0.5209740341645329,0.7275315404934615
0.33936612529083315,0.47956964293433263,0.19985665117347864,0.279074004926693,0.43085960100115317
0.5723708622864778,0.17158874902256593,0.7353685300395244,0.48498879957497276,0.48753520380783677
0.4664805822011224,0.510851431915759,0.3206140546010856,0.3481128642195799,0.5593911923129812
0.6071000741138138,0.038421288796071436,0.8016724648145511,0.37769730827879666,0.48197411040426463
0.5709856436860317,0.23590068850328488,0.8552336750603183,0.45526763848906865,0.5274614222336995
0.4890756631014691,0.0017325916548761562,0.2190367755240925,0.564636774420852,0.4154584671003498
0.37298094228973927,0.11772875728295634,0.4701404840523148,0.13525495524082082,0.7626459895653885
0.2727729162971203,0.13693036878875584,0.8847899025301481,0.41890629703440113,0.4806960821304418
0.43302275718994687,0.1513401105566002,0.48672594877851727,0.6277239733678208,0.5612701436696612
0.6284598191485209,0.35669295060934325,0.7908380180116361,0.42330626189328024,0.6025528267494153
0.5321140616195306,0.14758060281342195,0.570985217705056,0.3242865327317485,0.6212153837714792
0.3131391831932018,0.17863937566917854,0.40026392633568153,0.5237323534287259,0.6536871425231597
0.5259771388776773,0.08136319461959338,0.3286268444206962,0.6843643932117193,0.4955991304475297
0.5577976069593256,0.14016312016520285,0.2625784728688698,0.35926527588984386,0.4546491446040966
0.3674213845698301,0.07734752925991464,0.7094385531021578,0.3939614324212918,0.639790518833595
0.5230587658918292,0.022803926476616165,0.4092324054584223,0.3799956547644613,0.561581624081953
0.5087313077669,0.27748487859553683,0.5090203697606009,0.08417433653931046,0.6109731419664038
0.3285544553254065,0.3309784425213207,0.49386038400094556,0.43722711473977127,0.4673655056973119
0.5536681040522425,0.28987311904452545,0.561823223386505,0.09410779357588527,0.578351105897151
0.5841176789552351,0.1868032845050842,0.7924617164996418,0.3982612864989766,0.5211295881774596
0.6624576864762916,0.14330710343396996,0.8845914748667435,0.07765506645751091,0.5725244148621418
0.6580703078052355,0.5970638165684264,0.42606736685905355,0.12821245493162958,0.6484120816055472
0.29334959480643635,0.21961741644047808,0.7620151376850425,0.21425064305656616,0.6732441414084248
0.3593262440127316,0.1957063174545748,0.7116222357237741,0.18980885239554654,0.5525713495447904
0.5772552900812989,0.0077929661826043415,0.5588231611644586,0.449549690409468,0.5217346748786155
0.5770678926368313,0.12522236442323928,0.8648377148895465,0.23408313613509113,0.9692679881919756
0.5772571529459072,0.14350540946964155,0.26037961242272223,0.10047468691113758,0.6724693151269936
1.0,0.15265965425939976,0.18741136824769714,0.1752910699720822,0.6989479129507734
0.5856335766039751,0.26037331645958117,0.7831695735643377,0.31120624590899987,0.4088235664644129
0.6703348460270898,0.22881513130586065,0.45131985330699864,0.30725814341699853,0.45245004968892255
0.6431002645239803,0.28087540748244594,0.7775750833656484,0.31622983906163077,0.6941435908973201
0.5977086876958697,0.4343019386360643,0.814472164156332,0.4493230296578294,0.45741434046639695
0.45270961330394816,0.5029711204455494,0.14996607489525715,0.4992607592612914,0.4397274509066639
0.6138453830739901,0.37988542314941726,0.8067718103888486,0.37973287476095796,0.5282627903053458
0.38407621781936424,0.9338396175012615,0.4586552442955377,0.25879512048478875,0.7033303786395843
0.4644772089889987,0.005520253374810008,0.5083459912033857,0.21720650202910807,0.31563509573724785
0.4271954678256345,0.06536397321375388,0.6012740088745682,0.6337271424536701,0.6677195378443384
0.5122811209079484,0.0022774855594247067,0.8411060853840694,0.3024225452045582,0.607759456984952
0.8471987850010263,0.3127898779223255,0.11529287554381124,0.35324383153672906,0.4839418795380166
0.2199102211112378,0.6849246030199431,0.4814747746542537,0.19600880118123296,0.5171755392327093
0.602939028556177,0.08370880328333204,0.6501776339444485,0.19460414633823603,0.5197876375697978
0.25809261932155225,0.7853307498671156,0.6781655661585828,0.12016596269169015,0.5094433425879061
0.429210220131585,0.018647970581616193,0.6540259452296864,0.2881738348704263,0.7932829104355706
0.6633425895451049,0.8174186769000353,0.2075481035264975,0.19451076843381124,0.4559074067772385
0.5096420028643194,0.1299847437919615,0.33951647069734503,0.22190174670034968,0.4714744436595124
0.3383382833106041,0.032082138417581056,0.3869724203336108,0.49244241405815076,0.6089111572947844
0.39270444361100476,0.19958476466982347,0.743549766143604,0.08506599782258312,0.6571239655846748
0.6019396623402014,0.08902756892345157,0.3230078979316424,0.17078468035505964,0.4813485797150195
0.39044500524242953,0.10058849777749858,0.2685639710937625,0.3275299415979275,0.7368732392267647
0.5324687884372963,0.11014313614838357,0.865958415230477,0.3146017534698956,0.6381441212809342
0.5068357759855721,0.487404905989627,0.10709062809077513,0.5591300431761457,0.6674867099672783
0.40225994785912744,0.23241214144147812,0.8982566845455826,0.05690746574113332,0.6251165509937174
0.8215916133987988,0.11188820872603576,0.6414570390859164,0.5215862971395819,0.5611323351215065
0.5950878533477016,0.2827394282863537,0.7627754395592937,0.11091117446247269,0.37148011068772047
0.19622861200135894,0.3777935173944304,0.33569551707695455,0.22652284530795472,0.4984305713110174
0.5279681472154142,0.0954935226624138,0.11145222213364799,0.08232379528839835,0.650219426842304
0.4007320302847418,0.16009990018773063,0.6902956148492241,0.02033762111179792,0.4793279803747037
0.6278650002194336,0.03899368785642016,0.7673156776005406,0.515099224706211,0.47232118039040255
0.38112188923509493,0.059956070316641616,0.6923809055628153,0.1524295832997067,0.554049248807438
0.48278953377996514,0.34288010778785105,0.21428022984067088,0.401561690342304,0.5249259212031864
0.5757480918470685,0.06006196844509417,0.7027423378055753,0.1934741652155991,0.5793147472361914
0.6298632791255182,0.22343534991963002,0.7151382256861128,0.5676055160091945,0.5091251611705707
0.31995553894163353,0.37037729983190565,0.6268324125360439,0.207457529958512,0.4875485493369718
0.44982481462385776,0.03390926505614113,0.712892746236469,0.24303279275432918,0.5057393108201246
0.42875820332585657,0.251321661770444,0.7767371517421857,0.16867962259904035,0.44455826239232943
0.40200061511394325,0.08894128802774524,0.5908832913899668,0.11978721348434995,0.47371646923342786
0.7648181360421645,0.9884588915423778,0.17088377117574327,0.4281637369757693,0.3768724849355286
0.5607472566441434,0.19823051139804213,0.49010224773376876,0.2805328520070296,0.816913693757535
0.31086740684974323,0.4919576152306077,0.16211946773728406,0.025530459181464824,0.7625697113962965
0.6376792920582164,0.23970337499808334,0.42603442482594467,0.5758838933798938,0.5886698739735595
0.818323429551895,0.013314914783959837,0.4256851913005021,0.24667491342653283,0.5153288832428231
0.654869789082672,0.3008417950723057,0.15280787531219328,0.12659141193795395,0.5708967884809804
0.27209450510689803,0.9072601560374197,0.3790564271755835,0.07690526282307505,0.37260396548165425
0.4273648890700623,0.27609852682614733,0.18879847903305189,0.13178659947560378,0.44394304144499974
0.6900366723779934,0.5130906644123188,0.7465881680073777,0.34235225040309447,0.5271065771103729
0.3938495801571829,0.64678395904621,0.8581504207715767,0.4422870444385288,0.7860693076590557
0.5665729142219342,0.07766221975095007,0.1578531802063509,0.22902080143355766,0.5956845640805003
0.6161951080144005,0.07149422825404672,0.8640921658333611,0.8133424050014515,0.4774646508426691
0.36096042926328753,0.2832381194128591,0.5180612794693962,0.20792342426577648,0.5246469398094026
0.49107119659073,0.15881322970007317,0.33965254236309916,0.26083444259376065,0.865373064470631
0.013809898989639136,0.5495144946506771,0.1614896602209308,0.10952628416623476,0.3965158824783795
0.3463418537998565,0.6908449061138567,0.5004994144563343,0.25085125200039493,0.6578460137561459
0.46211477729102596,0.1308181435270544,0.7356124355925989,0.46152626905013167,0.4887217086375103
0.3128325227052726,0.08109828438253291,0.6656691818133585,0.6224521206393593,0.690783352949754
0.7448616955897452,0.45495578873773457,0.14018080917117903,0.3984798933684013,0.41081442308502836
0.2854787933059051,0.09639483682024973,0.1583214682943228,0.058734322284688646,0.6081751807372364
0.43399332699545246,0.5188286776557105,0.4222986261061097,0.09968586243360074,0.5642411993765886
0.5196110865929137,0.16535799022662304,0.33623239523835463,0.05874538677015844,0.5302019388138347
0.7161909933599173,0.33037965096161104,0.2859074584448383,0.14049481279644285,0.6427767108108124
0.2846206773230841,0.030123605187337737,0.3248035991269709,0.18135617969878268,0.4551818665268748
0.6744745628232439,0.2933376207196122,0.7427861946375077,0.12077322769540527,0.5753361086187806
0.5015349591529381,0.1803168413888355,0.8433824429054831,0.3803905055871858,0.7151196586405175
0.35277370234280736,0.26500803121998145,0.4240821556220532,0.11550874706878707,0.5218296893432617
0.5693155211394906,0.05518197447694737,0.8248888017059977,0.3442408863859198,0.47727042216844345
0.5298589543360205,0.40053639142455977,0.35719656099830555,0.4240345061051237,0.7083754781586018
0.4099674684261808,0.5958882789635632,0.48114958907503336,0.22282399733200586,0.6325528676627641
0.5104703127485029,0.0732870980065618,0.2808231982527998,0.49661588793271977,0.5155639400936569
0.442202960470736,0.03018306337884029,0.6123808337406752,0.3672419812866422,0.6647688169746224
0.5170276017876873,0.007176737979472197,0.8831848921398472,0.1766046090707247,0.5827625082689045
0.599319601178157,0.3081428064148762,0.582794476834703,0.25806347299908466,0.5385420668875205
0.7379025224218028,0.2802554919971754,0.38625126729083914,0.18946469672779903,0.6568482763330179
0.31432767517597265,0.23735862401506969,0.6182539567924227,0.41553989542792674,0.465952176597594
0.81995500619844,0.07916899888238664,0.19833654277231005,0.3736665773648109,0.6712849612768637
0.20718683007162475,0.14873479951956156,0.810927264212319,0.31574326822413956,0.6598205944004991
0.4772322357446625,0.27077281426179656,0.5024671606238691,0.08399329541065491,0.7726633213869638
0.5882475809726865,0.20601051449757476,0.45947979363171365,0.17040026056912042,0.6673561058975938
0.5421487801602549,1.0,0.5686918307628154,0.1477675605532415,0.5408400724131632
0.4065950720269109,0.04400748378459819,0.599827090231522,0.039946971742571044,0.4782439443654219
0.46878166244640873,0.35637526872613906,0.15742064498121044,0.10329415178606531,0.38234600478689773
0.42604985980117505,0.1554148802431198,0.646093776978722,0.10515294927659564,0.5196313066455418
0.4115952864583683,0.16768959769551472,0.2935453442524237,0.22786647909438923,0.8018277802260365
0.6274403145531537,0.37932685842571584,0.6711621060052718,0.40368453719585895,0.4186032616796495
0.5535523228947571,0.35372177259594434,0.7580278355073574,0.18541250912330293,1.0
0.3960635607109019,1.0,0.7431668060420162,0.23563203212078124,0.492834660831841
0.6349399813149876,0.04122543724097493,0.5420007739263113,0.23568719520267642,0.42962872648840955
0.5460949281314914,0.03298117501219662,0.5161359138486009,0.2556894500410284,0.47689629018880636
0.621929317825844,0.38657482970206264,0.2143007690715294,0.27731658935159587,0.4653699261523808
0.5944443262885418,0.25910017514039413,0.7202769203225085,0.4929038584246122,0.5759733645737066
0.37565074836168916,0.09612797773500784,0.31712750435737147,0.22461636012846697,0.6167213353872735
0.4159728439704546,0.024825206204339242,0.4973563382543572,0.4978941595164927,0.42449470493467073
0.6120940407684893,0.02686526131917238,0.32741927434201334,0.2708167713466874,0.42669606226502454
0.5915555398150197,0.6738355537396767,0.20706269039975453,0.2447966527292512,0.4239287481990701
0.4968647609053778,0.0639087095579892,0.6036461575133892,0.7069398340941843,0.3455900070155107
0.5175991074963173,0.11718989788427424,0.14346562785832306,0.4405181037535751,0.6377564811758417
0.6916497343682637,0.07710954902868998,0.69891618730096,0.04283204593560013,0.5629918360491823
0.4112642916746255,0.1315497704431262,0.3540694362088933,0.3382887652701045,0.5144092737043954
0.5820646071755057,0.021585408219488948,0.10010775440358827,0.1093125928188253,0.7055559887639478
0.4696711021349159,0.21960369660766044,0.5089033113897838,0.2790779756873904,0.6289253551210349
0.467347819515917,0.02100205391323241,0.1374815268220825,0.12319567633573482,0.5552209396965183
0.6648165277980785,0.4833666126477756,0.32093564625671955,0.31085490028701984,0.5186798840850585
0.6238124523482045,0.0798591923052618,0.6655811899645729,0.5807638662086987,0.6034203848879964
0.6220264454000958,0.23296640734457838,0.1501516972974927,0.3520188680892029,0.4533268517980673
0.6958218210731494,0.6362768449469225,0.7714707938848019,0.21162448830095731,0.5301871718051293
0.5031505762449139,0.31569961212307923,0.10305593812686649,0.19060156650468274,0.612872440231357
0.6022929456942446,0.2284006897724195,0.2974590953615218,0.5287406174504465,0.47884287382383883
0.45345998651098157,0.11761681274524381,0.6927232449216572,0.3441654266410305,0.9260918130785263
0.5486249528732663,0.12149043036715404,0.3530161197834455,0.509483025220101,0.7122151126086582
0.4804785418448473,0.33213274517092084,0.18151391045281084,0.3888300984943921,0.3818915897453896
0.5145493947489077,1.0,0.3881871350403423,0.24862235523960224,0.45767300647030784
0.589273553815537,0.32527011808956935,0.3163146291076204,0.32585022418213927,0.4539744552749435
0.3772668975149791,0.24478665329039437,0.774169521728444,0.6161490898475421,0.7092876500427899
0.8138580913528191,0.3935236572578434,0.35067833406811455,0.2637367830498125,0.5988714577612422
0.3490973927750447,0.18776187839472266,0.7311459774208058,0.18218694455348772,0.5057454548028071
0.3178717080818402,0.018608053044965264,0.8134977158485878,0.171892970512924,0.5799819052714376
0.6737166310250102,0.2478642780431883,0.44705393566122364,0.39670589681207996,0.3897631122620742
0.6187494040944403,0.9483610281886005,0.8279545150835136,0.2024517443898647,0.7020748609837979
0.5936179725578232,0.05782174888221106,0.4018544431705543,0.22863765281597825,0.4180981229040239
0.594251826389642,0.3513596275404774,0.8712627331920866,0.46349070456281477,0.5918581265096621
0.49816298407296283,0.06729340312267738,0.17143161962045833,0.10118673151915425,0.42146721572062357
0.36541184427712525,0.23024982780793393,0.6496154132025942,0.2799184058289093,0.6647583739537378
0.5113706837290589,0.030502345110708266,0.49505123236554294,0.4914679824608622,0.3696770242767712
0.39842574327318325,0.1795534973537642,0.4101190443645176,0.31599410767455666,0.6174940276497554
0.6462679600126626,0.423376997562737,0.6061695029988807,0.2817194221228608,0.5003516458097961
0.4779413927746792,0.12811612844563625,0.6630856733074649,0.3774191190742991,0.6665788341963714
0.3761754204811233,0.3280083818628265,0.10349061572024727,0.3231700330669986,0.5195174947574066
0.45179212375205097,0.47608279287490507,0.23356247099775898,0.2453787438648542,0.6197249210182817
0.5619397181413437,0.7859204078112626,0.670436840507455,0.05079942872190077,0.3997676860948514
0.4154413170794038,0.08022350631466668,0.6331083308625651,0.3893073782684028,0.7228351178252187
0.37666694066503525,0.15290583987436043,0.8728380041029418,0.09094489894008022,0.3900482613600871
0.5365530817237868,0.049609603596720835,0.7088302322006265,0.40660733444171865,0.4711932693421684
0.5367449856663085,1.0,0.8606181661850705,0.04913317291823275,0.6752355909731391
0.4239585236943305,0.7851927291475717,0.6620324012278456,0.13406080555620095,0.4859827276880331
0.4293442541572516,0.2329306796397368,0.33844176691155453,0.3113574232014944,0.4889770351127861
0.5348074906036454,0.5536112976185915,0.1842919378006852,0.23475450753864355,0.6298714479066396
0.28278734877540135,0.22079008658948587,0.7254590906759485,0.20655144744303597,0.468670595425836
0.2888804338435167,0.2931194545865192,0.6153193771807327,0.6816552682617121,0.6578795876298521
0.3922333668121346,0.028004693862906542,0.138548809914637,0.4125868136483029,0.7951693375258786
0.46798292724322293,0.42228043054672165,0.38804037272078273,0.053121042959720026,0.4339311669302651
0.5466361348397006,0.040991200568672136,0.8654398523874289,0.49061904250908245,0.4023129684833065
0.7213034325424328,0.5247266204806017,0.500320916568161,0.4547962996448925,0.5718293125316667
0.6286489434803029,0.4570167201055995,0.44618330881576374,0.36081494259459335,0.6037796882543343
0.47600922050548594,0.3700665207280827,0.46615968412743525,0.18806662822322226,0.5988667058444591
0.49714756881459665,0.011049110415465935,0.267106179204131,0.396148132078496,0.4277212655543755
0.34962059530432865,0.10834621201546504,0.3949657366918362,0.2841761625924747,0.80769746294812
0.4972230296011415,0.09159604175373824,0.3958506047897413,0.4365609916533659,0.40981772760102475
0.45670120416197924,0.1339500786058551,0.14188401614997792,0.14190926688076597,0.4742275437056664
0.5484077840507134,0.027517092171713286,0.7140541028143347,0.17512991611967793,0.45404871895036636
0.3759153584671516,0.8291853902676222,0.43320354552310325,0.10939522362794184,0.6491823557380968
0.5779019771361759,0.24209790562895445,0.7577439094531386,0.15094659543979538,0.7386308207452038
0.7299108369503866,0.10937943658428065,0.7802784008959164,0.19977115884535762,0.3880304387555664
0.4836859777314714,0.15174222933197973,0.26959524375892646,0.32373719499724907,0.6399104537063522
0.5602567583148412,0.17782908067278907,0.6258827857361029,0.15229284112134703,0.418913428558684
0.6035215987566669,0.2753333010662376,0.47782544333038535,0.27150653100697675,0.5570377576047147
0.43981692921712456,0.21750247561363187,0.8041253903371881,0.48509930163334536,0.45944877697392955
0.5336138722715625,0.755447113955294,0.27259254334116334,0.35969416552293865,0.4755217127283884
0.5018888601172692,0.20612775387623686,0.6422505602480354,0.19668016242726186,0.6071323598144118
0.5146514147823248,1.0,0.5862016978021781,0.015531497830961472,0.6586153041080554
0.38404853242168,0.5719995339984841,0.3362411820574662,0.2799801593212404,0.5260374768324638
0.5036765261388414,0.07015160515182955,0.2092807229209381,0.18606212320601692,0.7041521122607786
0.5746997436868174,0.8003398381766562,0.6213118083818212,0.11690970530073955,0.6345547420650288
0.7176715411692562,0.037113833852982885,0.6908779665058645,0.28672806899006137,0.560598692561229
0.6438906239127811,0.5102188722032177,0.35250187501068,0.4524646695830735,0.5604883701284458
0.8229773686267334,0.14371248560012914,0.6158660832178511,0.17178147128900662,0.7072213819767617
0.38489786556679256,0.6310571304729709,0.4161047260892027,0.4198229253993504,0.7514180930855986
0.6308480955081017,0.607614875746688,0.6705655066260942,0.23346542109232404,0.6579429357823157
0.5275013008607528,0.49185379750723424,0.2593722199152425,0.3430824449809528,0.39149458435272677
0.8284704399826508,0.4682378080692783,0.8121720021089395,0.4799059691988199,0.5980169523492658
0.3787552571967273,0.10901456087753603,0.3299276771724638,0.015933791449791294,0.44940086268223867
0.3740417236728836,0.02531439876022484,0.3942287902049223,0.35244812387156554,0.3997099831188358
0.4100911031833967,0.1547414894226899,0.14647356166427983,0.6577252418827442,0.7624062953914761
0.181415641353529,0.05717550700999727,0.18920976985702112,0.5379363637806488,0.5940092031782128
0.4211367467478858,0.3561849452932422,0.5126895221698625,0.12275555219550162,0.4118263620911367
0.3861301007669453,0.1274401278639319,0.3140741413823772,0.3162967511292953,0.56910222778815
0.5225590679714311,1.0,0.7683841805937556,0.7182985797189214,0.4379668075981966
0.551263396366574,0.30730653436083727,0.11175471092396308,0.2096374939492888,0.5429362185993726
0.7814256258823828,0.5186025526229813,0.403275238937549,0.47984139810788023,0.4440927568359115
0.6425635757279076,0.042650462629967835,0.3698764374152742,0.30096354758337374,0.6721522178259427
0.41346445165063955,0.5941819630009353,0.11546210473408083,0.21998463055148423,0.8154390964499689
0.3652377992977463,0.7682404345848398,0.19949471920040818,0.47774106931540994,0.6095484728833551
0.5737878757259759,0.2002800421644748,0.43091413993490824,0.4771332841901341,0.442697360691622
0.30196501894690364,0.2796139649474972,0.4942916675579573,0.13018424985566324,0.6200611124757182
0.774718814878153,0.4342082202995513,0.4234317978038953,0.5303993887030928,0.9225345435224246
0.676916018108193,0.05765289253637378,0.5247501427296751,0.0053680844501438315,0.7336550884951551
0.42962365218429427,0.20948776446491835,0.5761053399245453,0.2142283776069361,0.42872465910907487
0.2430298206363684,0.15257994470087033,0.10793905690226852,0.29078800334020394,0.8979165151049453
0.7030808561248119,0.04747863331357831,0.4712761275628031,0.21064687555536693,0.4179887101717617
0.48281902321210735,0.13743884473701945,0.8707993927100707,0.2798311894927176,0.4401591079595997
0.6856724467960192,0.02118220881123306,0.515225824103639,0.18351478160566112,0.43638612808430083
0.26083585118084496,0.007845263990643794,0.6420338139671625,0.26322314115715506,0.421602416135764
0.4100937465569341,0.04356540969856908,0.34949108633350656,0.42006642843461356,0.7688205814393716
0.5007865549577275,0.9899860019931322,0.71919310252221,0.27754244114871157,0.5164696966124297
0.5070470890647113,0.23923882996743684,0.7183371855008921,0.6236265478175447,0.7047317581626176
0.43249017927811345,1.0,0.5170368381233111,0.2746747326009883,0.5789108300099512
0.5934274898521248,0.16995323730247494,0.880811058623371,0.23117562051690402,0.5017943786455685
0.3398569355926109,0.11210976849921121,0.20044017181012272,0.7501009462025124,0.6654546402323651
0.478643077246806,0.21165209243318991,0.1135581319116648,0.48770314027533535,0.45619377767056235
0.5180443447567848,0.1736840671879645,0.7161265694056768,0.38579893959303424,0.4392853888435677
0.5771658251088123,0.033502350179517575,0.745724429891906,0.06754745429414084,0.5218961227693268
0.6067422317133335,0.3071847613192478,0.196165783296461,0.5795435339820293,0.4764765914729033
0.3313036862243196,0.07301848859949919,0.3124662663668849,0.4220781732681007,0.49358038016205186
0.26988287438965664,0.2899500853517291,0.11404189069330313,0.1076063974617847,0.4319494990758729
0.6916515232847764,0.3151190517973859,0.3346468886244518,0.3737010222714219,0.6715205971225068
0.5498471017969387,0.049471185466333924,0.7185134991349372,0.13742430887514978,0.4215729970520591
0.38772701951651695,0.018993662685159413,0.5143684221700632,0.5327875402080797,0.47984926378143206
0.7326727963283785,0.45527864796717904,0.3784764745346305,0.5502437465751491,0.6966676953452571
0.5173511951439288,0.1847449866274159,0.3973914359250642,0.45279732056725525,0.755861406810504
0.6768945776095739,0.017977170031144754,0.10108290057237453,0.18582648585372022,0.5847440152180212
0.5101277722115164,1.0,0.33984042205218873,0.43911412045465,0.5309842673121593
0.8091121887322981,0.017855124427327104,0.6171669933103444,0.08755286918647076,0.5547837958790671
0.7633011263664806,0.3562677040500454,0.8793555550530857,0.30255530983062434,0.7310374109011796
0.462655377728139,1.0,0.7776486615871196,0.22692574261383391,0.43496830359994537
0.6457356426431533,0.0820075850871441,0.1188759717164233,0.22079468487527212,0.5034896401939514
0.5968063924377721,0.04603255837007548,0.8188484837398715,0.0932182061227306,0.5778353463749132
0.7052947336298523,0.0388225218072028,0.7265587306389008,0.29187932762260266,0.3978213987838392
0.3552614809129844,0.10840941178233295,0.7243008988567844,0.12935005514766454,0.4937430073726512
0.6029077189997659,0.03195696106546844,0.46639660720285725,0.19306595004172766,0.4826384429079884
0.6587636730274382,0.353453840978455,0.4184042343636023,0.3841686148129106,0.5494589215303791
0.23618907703653286,0.019294939139858126,0.3423325830665541,0.2900182703688738,0.4851779685700082
0.32251122310013375,0.21365137573039106,0.15255588716349264,0.19685360478657662,0.46439877480331915
0.19411517333598494,1.0,0.2825882907949593,0.1316670998839262,0.7432156880893461
0.45958897483331634,0.5045546330030146,0.29728290798241974,0.34576405728229137,0.5893110433264632
0.6076313383693943,0.2865246229859621,0.4872616557681613,0.35987407068966043,0.6174921669061397
0.7253535578144041,0.10969464992609558,0.6979555252773552,0.16974687545557585,0.39203011510654523
0.5111142170629662,0.2933667428457071,0.4790478627183573,0.20723311870103758,0.42572655822710215
0.7442923318356938,0.22462426676386027,0.1462755595577285,0.2979050442506653,0.6172205905465551
0.2929847812677663,0.1665813483950087,0.8662318407905631,0.12899233875418872,0.5180306130686425
0.24449263409672684,0.042023677758103534,0.8541794552752898,0.3257121702747576,0.5430995344010031
0.4916678451655072,0.6530613179436142,0.7281516345187268,0.11183973069886616,0.9049942699596605
0.5576098173408961,0.17923365893783466,0.8930623212513765,0.14440003664758458,0.5061678352744823
0.49509578778588603,0.06493325461842407,0.5355858662402103,0.007274704741306602,0.55604646749208
0.18988368499401853,0.13754555501488058,0.8702146802025649,0.13863910240454763,0.686220763895458
0.4866319940730817,0.1603970803860402,0.16048403249340062,0.0468492653975621,0.4611408255983908
0.30432957492427204,0.52727332532716,0.3925445986090971,0.20079260746707878,0.47549204307441084
0.6004508823245057,0.39684309685778346,0.28030501440541267,0.17154965153338303,0.5361846264989113
0.5549897369145272,0.4399974978510575,0.25666646730741605,0.05177184339479075,0.47664725566282445
0.3590180320508967,0.003327768006460159,0.21264235911414087,0.27036668637481137,0.6095841580025406
0.422919962399496,0.1614354079322926,0.5979309132527973,0.5279243840181365,0.48548346355096494
0.34111797171665725,0.1969544163114482,0.725057484597844,0.6678969467219104,0.41300042562826267
0.4905981354090242,0.00581365183993389,0.5626387195362885,0.06144969359913295,0.5506870178886294
0.6432713480751857,0.09025581120654788,0.21757016767056775,0.3090567782564249,0.523247095976457
0.35214109304966845,0.4284974045143134,0.7488990159467768,0.3527065663574891,0.3975620569896183
0.5756069773276766,0.04424031520016678,0.6087637657309828,0.40359326057619216,0.7172119704075196
0.4204613572441339,0.22991551357945744,0.4105325649015964,0.21443261539524658,0.5555609010469336
0.38106907516064836,0.07269862682306813,0.6393042364288504,0.34084369794317704,0.5421748480535797
0.4839454460068163,0.003658449074633286,0.3079239833942663,0.41236108761951057,0.4409313381710661
0.3447136516370939,0.0828056885550898,0.3761537667953684,0.5724359543433041,0.4209736579361109
0.4169526041979227,1.0,0.8339886745055922,0.2929788735913856,0.5318197799208579
0.3203183161116727,0.48514594738846417,0.33240360453713635,0.03928016313148428,0.34953213420131396
0.7947087699374584,0.96250426505737,0.4759906145263493,0.22325775316575855,0.4421640064899596
0.5052895327957593,0.20074368723335037,0.8121129099168117,0.3399068359357701,0.46349467463806027
0.39504117380111214,0.03487123625855775,0.666177080214022,0.18368118718776022,0.5207839659316306
0.5320969866101333,0.23819504310050832,0.1497625809317622,0.3885662769655529,0.5601848746818222
0.48315079254637555,0.18174828932607853,0.21784243542317627,0.08462733526759525,0.753443922424133
0.4668545600700166,0.5580572662199428,0.10627327261753346,0.6434052833138456,0.5440214139707855
0.5921250050065138,0.030969694825987146,0.6047374321833308,0.17970506049704416,0.5088606389007491
0.6136261565070957,0.20097052068895385,0.4581387403283347,0.0990454947431122,0.5612682896254209
0.4204248278584209,0.04877285511537734,0.20741988072182044,0.1320147770620504,0.3880773973700946
0.413627263903298,0.11776877850411133,0.8663472968454163,0.4865241768823066,0.48519388057541407
0.4587422454272534,0.40108796340743724,0.5237277791564959,0.14214708714319613,0.526369708520802
0.15471182528966226,0.19388945798748533,0.29351463529031135,0.3203225821877145,0.5546204626620583
0.27272134067021714,0.14142776892647776,0.500482856923766,0.5834896095027,0.6360042177051337
0.7050311401166787,0.15049846204757347,0.6436962661880863,0.12776866366844378,0.5658291886436796
0.7467451570251925,0.18454864827507697,0.16099137437885158,0.5111639862554721,0.6041315345904967
0.46264459406654324,0.4611582605683392,0.31976305203831357,0.40875435210312244,0.5281997429126195
0.5864835444583649,0.6679225548971239,0.7455723927071949,0.04062935717394039,0.6685738471734957
0.5466875231815305,0.9325674189066899,0.46773189632212897,0.43840097094062275,0.47246736104719617
0.9618321212682857,0.46380288913670925,0.537261713625836,0.44352682389611603,0.8611053141859156
0.6679362367151865,0.11367918768121538,0.4462528017675754,0.035930195465749236,0.6354903436598729
0.480812361277885,0.3495551804043061,0.1351199541144041,0.25996915860043185,0.4787841070696268
0.35666893390993615,0.17266424800946814,0.23259982385612477,0.2884957018176471,0.6398464760445186
0.25903305196136417,0.08817871207469331,0.4564333109935127,0.20906870283677964,0.4192681374280174
0.5305195453800835,0.5514131178571735,0.26734837232634223,0.18510293303371547,0.4044785793711408
0.3865473882073545,0.011755235023126816,0.139983222927743,0.07187748488844417,0.658265294525235
0.2866619435603489,0.6961086279121116,0.774919731241459,0.34772456456415163,0.4913856843179721
0.403014067363621,0.18567778045178387,0.8849540233312927,0.009063576455491072,0.6233930783071653
0.33776779945784074,0.3041722894003672,0.7345142991973915,0.2707572855994038,0.6279125540201137
0.7530712452608848,0.3230733707148787,0.7830279373637337,0.2061700110820898,0.6715899542806473
0.6322459635424176,0.6764750694177062,0.2935817042536363,0.23538928965900957,0.46891534724407724
0.4988041038025074,0.3037328676012813,0.8685015804105598,0.37027859563450843,0.7340758314786638
0.7219916208335039,0.2855237592332616,0.2575405635627427,0.20744051778707873,0.5165585814867955
0.5116052461471428,0.02069316023457162,0.8611438482894659,0.33200075489313624,0.5776001958421663
0.37080736980076046,0.21919741259676542,0.8958554351727609,0.24355644163812606,0.36967715897827913
0.7284686115904486,0.048815332126986445,0.669378244596839,0.18292874408417037,0.7303930997076578
0.5808365065526988,0.4011755757428235,0.8849149854334576,0.26544838867192205,0.5201589747645172
0.3444130768510315,0.2153684196976285,0.5556318236536829,0.3712972710645472,0.5046995611365148
0.4714491982874588,0.34204390400145246,0.3076334265408723,0.3393430997282359,0.6694664234510534
0.36865726199228643,0.012769835824906305,0.44959670853249667,0.01610866484751807,0.4718604547986293
0.29258004035534957,0.02658118040054356,0.5748487483030288,0.3700401819965376,0.8883892128458868
0.6389266321297462,0.37797611399487796,0.15846524962161201,0.3093305217887315,0.4336724780268232
0.7864124960705196,0.022444328890387902,0.5978746116937969,0.034376929980175934,0.5786416104917292
0.2902148639271288,0.022176878060703623,0.8849422694098357,0.4080696401915166,0.6088070383081652
0.5844453855035856,0.003654714002938791,0.25208611982698215,0.28691050458305856,0.5072052770092539
0.40240361463172597,0.9405079458659367,0.7340760930307066,0.6273568756267822,0.5902927953149525
0.4269311924352956,0.4012608129046982,0.8263190350236955,0.13000318586576287,0.7563864024800279
0.41114091136416964,0.13073929072010976,0.8549612742561766,0.36834962922318115,0.790278900790435
0.3704013845480276,0.10552139436902964,0.8681084835243578,0.20681781732201704,0.5637910734577498
0.5072782441917241,0.12909793520006402,0.5171677109771776,0.5017603426553671,0.4130351665287884
0.37535748253834433,0.4470348599194951,0.8818463263932029,0.25704534872496765,0.5333854619256402
0.5405685238669758,0.324854705288551,0.7058481657075512,0.6041340990775811,0.5252174307279107
0.49246428358262945,0.06144214653299989,0.22933714898956953,0.07846811578243269,0.4343852032943403
0.46415779297003856,0.05738786443650657,0.48152008517437606,0.29559458383927883,0.6654965129808597
0.3638654506937603,0.031073847358301845,0.6746649402976032,0.36847770164693944,0.48548558211363624
0.4134843004147501,0.32391012301005384,0.2978722526552667,0.39310715634519816,0.9839177238008049
0.6133086838738634,0.4336511397671147,0.6124921468391099,0.529186384271065,0.5774637193960127
0.5751375781436571,0.09238438486607708,0.6332803832372954,0.30996582592299404,0.7076515306790556
0.35336671328021735,0.006350225535484538,0.23015979504685272,0.0567761306426929,0.48260429219365125
0.5148998458143839,0.025723472237080828,0.552068249962205,0.15550031250253407,0.7322671129796566
0.6127080685057683,1.0,0.7173015287828862,0.0949941831727461,0.6691835418716674
0.24958920783179422,0.1050565695910876,0.4991165316287536,0.6594625321905624,0.5812451361733468
0.5815040288569903,0.43989121299120604,0.10968249342088594,0.23492957049674604,0.6126226272245822
0.40060643615812297,0.2939797516464114,0.10723077526343375,0.2024783509487901,0.5315568567424352
0.5855898002889739,0.14435074674879772,0.3856234751760098,0.34119850118462985,0.5131373112364361
0.38551112651862246,0.06908340568677106,0.8409552547454257,0.3712930873250693,0.47064597177389395
0.22926768490032218,0.038823026717130345,0.282941423682887,0.2579043518687058,0.3806100756429859
0.2558686343175256,0.28636368854384414,0.6074909510973497,0.32843642335088175,0.5762320258509342
0.5072127419992073,0.4470085675022753,0.27766069655465647,0.4197319573933808,0.5378563313026655
0.5389583752582223,0.30976669006911267,0.35733599172763897,0.13084133584036514,0.42010983694613263
0.3643525062343387,0.2266996883059417,0.7784336716811872,0.32750574850149805,0.4433000440073503
0.5957888688166061,0.01285697619273271,0.6830891538159575,0.3090666018759184,0.7786526925233521
0.25077199065965605,1.0,0.1763194218505685,0.4432956418443808,0.8627940303679351
0.49008803020290254,0.48090883465330797,0.4429616167891469,0.45195397183953334,0.43037949120377017
0.3183475700356315,0.10394187859129417,0.12333581091621158,0.17662501625710236,0.5873971330673328
0.40222458382967613,1.0,0.48471211728240726,0.06628959192412616,0.7496282846930687
0.5071098006974621,0.276301741340844,0.6299472093608545,0.2660565893616861,0.38008913192036686
0.3709379952074071,0.2619856506134551,0.19480209887852126,0.350135842218205,0.6123123925125005
0.4423166683655262,0.4135849884615043,0.33110795112733254,0.5160959312188699,0.4103587352991809
0.6509439213821661,0.501026860153163,0.4182693004017256,0.1097055673936324,0.41804940299671134
0.4134662195715277,0.32055176722441486,0.8356248197248398,0.06263991629038376,0.7507958029973372
0.6253538168097712,0.041122698594115485,0.8946040123383713,0.13255741096760387,0.7589754313053124
0.3305439718013573,0.12386816769465248,0.13592903919649268,0.05832776626883096,0.47992980708660066
0.5794706266872924,0.7896754519272619,0.7088063387963136,0.32540251244543544,0.9207572363694121
0.716235293098685,0.07631891636128317,0.3973792531218746,0.28860452011995313,0.3876881932306962
0.12925332498090664,0.1396443328238039,0.4139665489835841,0.35318268862041563,0.7509179851606207
0.3804657116794285,0.1697307680156193,0.7034119786776182,0.13398942398866828,0.47764364918193564
0.586560819077081,0.1736269622769999,0.834741145716327,0.4067854267970843,0.37132364648388894
0.4695431920935511,0.2847523441656695,0.8607428756020388,0.15629445451515767,0.39855924400348774
0.5556718810056963,0.8598106151340587,0.5616980688306566,0.29695838258246554,0.8462974439879227
0.40940222199262694,0.08260461728225593,0.3856969274404023,0.6434014985611503,0.6116777138733162
0.512988468120935,0.0388622814014857,0.7300392686870234,0.14212150321881287,0.5831183778694088
0.47664841469118807,0.06599599556815942,0.3008011066098402,0.16699735743790217,0.5848513744213677
0.6751673092489711,0.6539109243301656,0.5512592230668142,0.12969655149386994,0.6118377231079952
0.5381631264951819,0.31137722432286835,0.3868627692198986,0.1782872715496214,0.42358540714986387
0.5506403993112803,0.10102253336370551,0.6253048589663008,0.1707652951825317,0.5526859622630491
0.4382184550816299,0.5077593563324161,0.2923191303148055,0.18526477559652793,0.46906280672348255
0.42685906638912596,0.5927840217599086,0.2532743565878606,0.21893111788688133,0.6205736046555824
0.43511627182705687,0.5622444383943226,0.8345912693403497,0.3382750971926416,0.44154379492571794
0.5591678213567445,0.7537198629822696,0.18144294635962954,0.4604493989406266,0.41558355118272805
0.43685232787696054,0.08720237172438462,0.5047663261879454,0.30110227435041076,0.3498375719712987
0.5434662285344619,0.4220004662469166,0.2766822263704072,0.24097964885512327,0.541817804216413
0.8113101197968158,0.18515571235563427,0.13114397066053396,0.041859411542165034,0.48026257585521576
0.6306687055147538,0.5535453261220356,0.12881505463314114,0.649237693775418,0.5956587846794004
0.45109647017482385,0.39112764058042704,0.2401774176846619,0.2810720906179367,0.6470496290374849
0.6801820883245917,0.44943262615967783,0.7934162836048002,0.29134280698889403,0.6177837472956174
0.4387886940467673,0.32027525720526273,0.3259829951816213,0.5462926117906662,0.5790509642324435
0.1942813197233219,0.058596059287183755,0.8603673364602366,0.18968961415942878,0.4128946517623995
0.34878705336238935,0.23625510725766136,0.5652978343913548,0.2485969038960578,0.5201374814308554
0.21938121184612164,1.0,0.4492913518150129,0.4392210898888791,0.5382698784541343
0.4472729773938037,0.8312398164022298,0.5640710677355637,0.46360692555333594,0.5367521325541922
0.5027627568784327,0.01324003383527582,0.5133587081810143,0.2672577269945208,0.4363655339862664
0.7514655968412924,0.054030540345226474,0.7070210030058601,0.2819303733536357,0.7212274934033955
0.5490391060646244,0.04237534204580557,0.32599685277828183,0.5692730228078995,0.6492723579796191
0.46713492067867035,0.38836615621811604,0.382440313280242,0.2236700886792262,0.6958280411893795
0.6244108371775233,0.5107709342087539,0.8152754420266006,0.23061271313703677,0.44966911234047136
0.16832970364881722,0.07205310250501586,0.8571652105203243,0.3531544202561912,0.5694368396032738
0.5353421837162848,0.21147648415185868,0.8140465819891797,0.23214236376262243,0.6188013757130836
0.6156297790830451,0.551095521143341,0.43555839516585093,0.23843899928388845,0.6045257092837601
0.27821206313302377,0.3959290855941529,0.7242924024055054,0.36526332118874694,0.8921828443104258
0.6715631064810393,0.23442124348613846,0.48106858664087904,0.4133211757037022,0.7356029735405171
0.5507744611241621,0.2677339513710097,0.49803188171688173,0.1412777499469272,0.5757380548530298
0.4377068129148798,0.2130028950205218,0.2637440872458272,0.2789410612672031,0.44659519337666953
0.5949172799159427,0.10595365500048616,0.5729042426068132,0.4770180100982217,0.5617432164005681
0.8406039286706594,0.24973794224044665,0.24890871820267835,0.361797462056256,0.6039176726207031
0.5272799382587743,0.35027808932904375,0.3652517592537551,0.2961979733556478,0.4093708912549979
0.5372330879450504,0.6198342225322357,0.7840241612959481,0.3462252555015791,0.7313129593526658
0.43109586506896336,0.3034206464624563,0.2656606473686842,0.10846004019288348,0.5092517884012902
0.37252334458028125,0.42954011387565777,0.15692662813874625,0.22690828159919452,0.6881602392197355
0.6245503724816368,0.052331601146737135,0.15520607409025305,0.15051581206901055,0.5581430811537033
0.3715874261136699,0.1857223555999128,0.8526276164024863,0.29450633404439086,0.8288168961710727
0.5107349355829088,0.002812629649336847,0.5055363503694678,0.5362160322633829,0.6746489560369249
0.4283513829852325,0.08497910020736006,0.4275296574536147,0.13751560636675203,0.4409511374448052
0.5718469738619588,0.3888941056833857,0.7487028648063347,0.26431929318681086,0.807985571348972
0.5500493157930423,1.0,0.7686607423284129,0.16674076091080736,0.725635002917809
0.6556309916386849,0.031334312913327826,0.36575282649248375,0.12875606452853877,0.4180638753021373
0.423497540171788,0.15399577701642578,0.6548944459790362,0.3268563949085386,0.49742167918311897
0.4595187597059943,0.48293784567052445,0.7168982526815093,0.11576307637312196,0.8141650955966151
0.3531854426326539,0.06846025837846913,0.6237205494927636,0.3384170503055753,0.7931278035215796
0.4333560109885833,0.2429615737042847,0.2212760598400795,0.3598383820137326,0.5895973264639174
0.5565950739567278,0.39623210477044063,0.8007064668136457,0.17378302708345014,0.5203969763652598
0.6135482924968028,0.2871224511494297,0.531275642188807,0.2783028816737725,0.5846988568605276
0.3616752013733562,0.062485620190035014,0.325977941096003,0.6741949637316157,0.4714568512680292
0.630440888015849,0.1317304111568972,0.44018254835015513,0.0363521567719536,0.6956074404709337
0.7033456788207426,0.4594540124681962,0.1300568723191259,0.22449436638611184,0.41107757955140295
0.5620152354835551,0.24238330055885293,0.20229344097793406,0.5983467250653779,0.4264013165056469
0.7815193718837099,0.0015730007502734928,0.7124374004126887,0.34663607642548144,0.5305556862011382
0.383931620134464,0.4293759200482871,0.10000930780429292,0.4031675737816288,0.4791514848847891
0.31330179450328743,0.01078496319346626,0.43325266278583374,0.5280499551515648,0.5180251077107438
0.2331919626643582,0.4108120384059132,0.5180081448684708,0.4599431294093182,0.6007460687219779
0.7244066467233774,0.06787472059556164,0.14370753600077785,0.3354609478388799,0.41079216295022186
0.5981548484531086,0.9515510158679357,0.8784625303778663,0.3901195855163728,0.4842345732628257
0.49166229936343175,0.137631642386881,0.2809002649997375,0.14652283416598802,0.6631045063432033
0.5419952939479731,0.1187725032910069,0.34335897570902474,0.23358324898373145,0.6096067759275967
0.3311766429052435,0.048363482500535675,0.3431540098040219,0.5355852061194166,0.7502723259328968
0.866862796942524,0.10941395590465718,0.2843333296938799,0.5458906890817872,0.5242010836331636
0.5193831772962841,0.6278206836529917,0.10117905766904914,0.29324689662939285,0.4647876130961339
0.5164092191907339,1.0,0.6834758352703971,0.2606005376897788,0.5272406360286221
0.6088649935848038,0.13780673048063402,0.8734763998394283,0.14618807443405762,0.5283846827399814
0.572151384760507,0.17859421815311086,0.27943478662803606,0.38358291962866264,0.7927623897437326
0.5335826036418697,0.3841168113734729,0.6304377534427379,0.03720628790873445,0.5823763953370117
0.3814288316832032,0.6519827038389042,0.6935170615669721,0.15265935678690293,0.9412441616119285
0.5707202535703993,0.269715308603585,0.7787403032724198,0.32909401726592674,0.5431978988275823
0.782303674471255,0.14904017983677945,0.43810335761088737,0.30340905103521687,0.3830842850416679
0.7018130069232467,0.15962593294510116,0.34234472451234343,0.2662427753170681,0.49613244388785227
0.7389779939959096,0.3568416806267533,0.3602361072184249,0.23935286409338105,0.8706387999864331
0.4233176485353222,0.0009670360056703874,0.6700970664788103,0.06726024683917943,0.6076717913603453
0.35155927696121286,0.28995117566777556,0.7534235732045088,0.5421148900980919,0.5411903648315644
0.48113196198505276,0.13178088351892486,0.24529117420528213,0.166930655302071,0.5601053845388908
0.5083587368433042,0.47425124643323874,0.39675280652621214,0.3125025751898585,0.4204330173874222
0.6641287277706422,0.02928075269695681,0.8215521573993201,0.5754859263203815,0.7172191951215378
0.2461303055427771,0.266166896813351,0.7453548157557914,0.42508896579516403,0.3651331722296606
0.7294325479190921,0.19673974856808343,0.8878867222099807,0.6034669008975112,0.698592314556383
0.4762988152131516,0.3084395989423934,0.7033986077456647,0.1644219334624456,0.38238934300653926
0.435967839507887,0.02011565355320456,0.4145561608223378,0.2086997984846618,0.49215097226089133
0.34818434371097484,0.2602385901264433,0.5725102671957102,0.48071818860732274,0.633018616104467
0.25177149922013464,0.24730809618086416,0.6288114033978562,0.25076845023001687,0.5975729220146587
0.6234755875942872,0.2467445679302052,0.16276465305369917,0.13701348082005577,0.48138702036353426
0.5109976950782605,0.2775144398122235,0.535597567283092,0.6245064211462499,0.7679060382894567
0.3065058650388419,0.3385371173471262,0.6674566627780877,0.19181205542314084,0.7236124065513856
0.3057381841904576,0.4904097930347978,0.23385704320084832,0.2992083215716564,0.425141210332704
0.4496322951064808,0.09433955583787479,0.7245053739404458,0.26848915928564887,0.4202569252395086
0.7503532287934089,0.5229755066433693,0.5670182244112894,0.3144923311622377,0.5622160594980892
0.4610612972954593,0.20689938487788284,0.8617774285580757,0.16635921230399522,0.6484467899229005
0.27452855703228407,0.024056756239010737,0.13393783856551336,0.03517978079936163,0.5262869695767505
0.46313854038710833,0.018100507822517282,0.3122609100443736,0.3458810311827689,0.5485865056763422
0.45909146453784944,0.12204705250807646,0.5812431034398593,0.3484719423435887,0.6308936497801797
0.09546700355876425,0.4609914568191025,0.3372479297647446,0.08214105244379034,0.5401107544587768
0.49185577002232816,0.36897281520623526,0.6715393312569937,0.21571526754008652,0.6053609564959254
0.4653598204686983,0.4662221989420793,0.7072042260175448,0.08269297157896618,0.5523593371574856
0.6044309547220128,0.21848874996455642,0.18201277125317958,0.4167176195864318,0.5246509123980494
0.7773434142418018,0.17405217356937097,0.5110835713654142,0.08798265186203791,0.5534431924052436
0.6689847544321637,0.04785791526806485,0.5071124444728448,0.3530655050389947,0.5901622626390741
0.45966669641677543,0.11933514459970958,0.39542461617243285,0.38241656334813184,0.48482492918436376
0.3340211136887494,0.17075862516576995,0.8463398900557377,0.2537913909739236,0.53101883409581
0.886003970487479,0.02783216148076852,0.762005055898577,0.6066784600310963,0.48182714769744306
0.5088827651021732,0.07477386659418389,0.6577675055277095,0.019293773873010477,0.7034902878274407
0.502089393786942,0.2735591341376283,0.671461308587998,0.4187109793560707,0.38489411001125523
0.4963812369334995,0.39915927207291024,0.4693729150504953,0.3403779918999732,0.41804735989184233
0.5297127141151783,1.0,0.8367956168772607,0.4848744923943458,0.4925359869486683
0.47834593821140864,0.8114266813212946,0.6556763418026283,0.6146509543014494,0.43930688153563946
0.41395069896796455,0.3086406929408617,0.6831848493246532,0.28244542696617414,0.44091257883899154
0.4179711588139412,0.1640643929845793,0.7893527230298762,0.23873026417379783,0.5411676158616419
0.49508700946760026,0.3033266387339563,0.3192572714737528,0.5366935287842728,0.6436017777196227
0.4184862843299353,0.4620457904229278,0.7456567230933624,0.16882476789617254,0.6891790247748967
0.39307313259842536,0.037783339345810206,0.25619248236519365,0.421936365707615,0.5012680757479494
0.5159645341537845,0.15824146535091865,0.3762735617959103,0.32649520209421795,0.42949349980605944
0.4617534173868717,0.5494039535514091,0.3684883634158742,0.5665498107719812,0.6047780580755138
0.7255989482874032,0.14527115108547395,0.8828203747113125,0.0714647231169887,1.0
0.10235452874104822,0.2545001088630135,0.7852297789983415,0.061517378481216155,0.6909037269257439
0.6637260277883692,0.2658516847595217,0.6609358892722078,0.2076698374564722,0.4484991918110243
0.6869127788746443,0.06117742138510528,0.6816454092923121,0.27820649078075316,0.6146762283060143
0.18899146513877757,0.13493582836467913,0.5496582355220568,0.38762730112288585,0.527205258030567
0.4485968608879477,0.12217008122659048,0.8576725336868153,0.13732166561977882,0.489061348151431
0.4442838701006313,0.007963786564400882,0.49700700230588923,0.04255493968319861,0.6254889204542671
0.2888732457923268,0.0073467573811590945,0.40441416789591567,0.7027228461514909,0.460661925315456
0.3833274968613687,0.5345968836417418,0.23042826954527282,0.20317663544645967,0.708223655895732
0.3334136231801257,0.09567786192901051,0.7289645218088464,0.46368862189199295,0.5273255032821582
0.7628405665135434,0.21899237811555616,0.6875551456604732,0.12020468764069948,0.3666535333195753
0.6403517589721192,0.10645679702396792,0.40748403081930795,0.22828599728377968,0.49809704662254584
0.6907332642491238,0.8474388108475569,0.1201547311673835,0.08954028761679939,0.5374702087997164
0.6082508096064853,0.0900465654601783,0.7711978621744086,0.6489173234820785,0.42837350843341815
0.33064223431741563,0.1684551049255771,0.10913438676325891,0.18626639539481818,0.4536063543731499
0.42132196005803396,0.6184339299346778,0.6629598237032408,0.06984079086096595,0.6249318106274101
0.5734061841841878,0.5534219612946385,0.8762056877808456,0.5452485679678547,0.4811263865204244
0.31668082866620817,0.06177585380716859,0.4501290625185628,0.20766620943513778,0.5382704938253774
0.6069497645258582,0.4868227731746381,0.2879787239967622,0.5846635252330284,0.543936855130503
0.46395119027627973,0.18385024394473648,0.6638968080347054,0.3427464554989851,0.800631408606598
0.4437768788675604,0.19789565926613775,0.7537025136124681,0.28745988068587547,0.6848164057403745
0.6066439952305237,0.04298101706937079,0.5371442528622778,0.42033422198834225,0.5429601681646103
0.5666394967229059,0.02521069262199701,0.8736282202049169,0.15739539363225663,0.6494237672860432
0.445855075127138,0.39051903043543174,0.1413349773263689,0.1947627208764054,0.5963547626422145
0.6738994705046372,0.20582832437905502,0.5038364786436226,0.3006972383626088,0.6521177608081379
0.3378405008600154,0.17226315124233937,0.6747631578580401,0.41727790375865326,0.6242274191142494
0.5923903410416396,0.3922540803945114,0.7901123769193432,0.27909865689419444,0.8842223578297582
0.5889651886952576,0.4351064096902156,0.24340448952623206,0.044377672256745285,0.7163556401544713
0.4535680341029015,0.05191632922811984,0.7400027854109451,0.3086928661865369,0.3878369738969731
0.5489199533363177,0.28265580387505407,0.5421656605748363,0.21988137682584608,0.5018812121811247
0.3123329635422045,0.043630559858362415,0.4172429455919706,0.2779642391875149,0.4777847599045201
0.6386040528810352,0.4175429663482048,0.20537202286327486,0.24802811702810665,0.4355047958786281
0.47226467953355167,0.32096823018478315,0.79223660712713,0.2439313657508924,0.4900842385906941
0.42159154692214407,0.9412898357880972,0.2258185665437723,0.28669068665997793,0.8110565686274719
0.6573513838755334,0.021435272252559683,0.3478302873672794,0.45677590314148764,0.6356157257839982
0.39434844641858613,0.017624108047451237,0.3320364255699495,0.11575628162141428,0.36859193848308847
0.28873080554546604,0.09946388807845921,0.7971312273526835,0.21332273652689307,0.6162516244129533
0.2665056239714144,0.09102381940691495,0.6381623953671184,0.10900919371050445,0.400888960774139
0.5909014927018459,0.08509856888871817,0.7373451177530979,0.20700143984835262,0.6689893604369386
0.3079355971255575,0.7101517422648927,0.3003743190339992,0.27856890114410343,0.529574026432314
0.7632191272976547,0.086123156569082,0.5998992796855992,0.1169248202694525,0.620111396904626
0.18771058881744168,0.09521555269625843,0.557396786514999,0.31549142985616624,0.4416846725016777
0.7544684552435057,0.4273836760791483,0.7662643014306169,0.3162212044643837,0.3485451655650973
0.5316526200803927,0.1792092296595171,0.8248696483850084,0.13422725697303833,0.5649386263649697
0.48549303321944115,0.4497859194775379,0.10972541718190945,0.22304193248192541,0.5275785467818908
0.41826213697865755,0.020280131628577548,0.6392159352470341,0.043855712182668656,0.5966749284617933
0.5598704171528106,0.20057804763112103,0.14146863929578324,0.1366266134402893,0.3953135512653267
0.49435479463627274,0.010257457481384949,0.5390869320618847,0.1935168773138802,0.42560165324547594
0.6654952823024782,0.019410585453189574,0.33010618323494256,0.1753686069103065,0.6663324514883462
0.517134147299306,0.7107375354436452,0.34542127961771296,0.05910023636451087,0.5614817359506463
0.5225452642192816,0.04498373971393351,0.3823668027618853,0.10248072450369504,0.600504345048716
0.4454581681679216,0.22805588431866294,0.5970339592396882,0.22215603808345902,0.5983130796326149
0.4914581564418399,0.1588474265755684,0.3672399725350154,0.5000285008772033,0.6057799294160462
0.5461702653338089,0.12801121667836096,0.6861592404722243,0.4009126906691318,0.7357270389244668
0.2434747411015062,0.6902759811026481,0.42362190845909575,0.2714066205793128,0.5754973826781467
0.29777218668414307,0.006619514806500458,0.1546825602479669,0.36171810344678385,0.7165952227179726
0.6114896141034072,0.32700551424980684,0.7270078739872858,0.525270632394125,0.6077325379634101
0.5256298157191913,0.99226649384051,0.3286066596741648,0.09372930398294126,0.4338535396174067
0.4724024995470981,0.2464088580842556,0.44621350367941015,0.5416592873103925,0.538125546056477
0.502765089959809,0.8285419358757357,0.6483551065775213,0.37596276335834095,0.7168360420999808
0.5521372558042507,0.016101851488747217,0.36596492571896966,0.4574049041565562,0.6680401758622343
0.4190360479535958,0.16279465568918883,0.14526852491737252,0.10113053816123027,0.6979100240512162
0.3832542911896531,0.09039550396520661,0.39913683761025087,0.1982753755768706,0.5856064557056122
0.5293767882646523,0.3937135689219421,0.8555588661554427,0.4417852325659172,0.5427111138983346
0.3532440833577452,1.0,0.6133875178388466,0.2546060207547748,0.6616980274668087
0.5612379133571708,0.08892808427509542,0.6371833189337656,0.23121024686283925,0.4169204964920474
0.24461245936432396,0.3185463779490095,0.6058257229101118,0.5268198911496275,0.8388909167324953
0.6543733455988465,0.06623052454028389,0.2591937111675494,0.23330830747946868,0.9266048033125296
0.5708896223619564,0.2499506226443875,0.4346670912818241,0.31115695134245586,0.4041311091665416
0.5384044601470813,0.18704855045169655,0.7007518386906546,0.524666091044456,0.594270600767412
0.6474036475918271,1.0,0.18109831804252732,0.559748196328072,0.5097291583284905
0.7498211666693865,0.28135182841132,0.32228222087176983,0.13000533513897383,0.46723928346943755
0.6521555097527195,0.12900713302587316,0.3210552867726829,0.2266906582078569,0.4382612360302143
0.22386886530025324,0.03634393307268605,0.4456151420756048,0.39422686523611117,0.41632552262034916
0.30806345498964477,0.049196059116430886,0.8842949927537481,0.5965756479476296,0.48735352961567974
0.40627721334564815,0.07659038254226469,0.15400203734705756,0.1326139166973097,0.4730355687185863
0.5039136575316251,0.08669153566841094,0.514960795504476,0.40259383540597493,0.4301041540911266
0.5776488530703685,0.5703706482789331,0.24349174560976838,0.23855608755377553,0.4273364701801921
0.3911384280269802,0.24712904553503834,0.8765412363277953,0.5207941326840836,0.6065032804754975
0.5280150146715618,0.22231759343563304,0.19064280378197138,0.14495928591700527,0.5464110327472219
0.3866925601470016,0.03657195190238937,0.422880801889273,0.5300851166238831,0.3848214442319987
0.40827232955120774,0.5901333492465262,0.690307987867685,0.3911389771858987,0.7492929393935529
0.28900083547276667,0.3849202835621582,0.6636435424219562,0.21296874618134354,0.6082632651033291
0.36151501308336437,0.02102000781585489,0.4381829095151458,0.06885748190542336,0.6677303152101128
0.29724730915754993,0.36913107018073626,0.3772193343621746,0.3495093655024614,0.4173793907489335
0.3536190120534001,0.23527509018521514,0.4180899028422965,0.2538970213381382,0.4242055127126007
0.658046269491176,0.025577623640900483,0.3114210105269114,0.049966501551172604,0.6249145647632222
0.35759016667520854,0.18391323618201072,0.2642663509654398,0.5390471040258038,0.7093453930219301
0.8948573097256086,0.1988996455244805,0.48643175804711203,0.2180087472010178,0.8500364374941621
0.5739976851321333,0.054375473286544934,0.3148270048540859,0.5118208698936791,0.6944147594532782
0.527725418554231,0.8739590782198488,0.3299693319178001,0.36383550059999703,0.6370295629287992
0.37124633297281795,0.5690867424704055,0.6254048507796457,0.5445112071782316,0.45716018398440106
0.6050464819113487,0.3317113170780654,0.8748298653599138,0.021424560859513445,0.45763167396671145
0.41365432606433394,0.1861338719006657,0.5829097604475001,0.30393615862501594,0.6366193583984847
0.5183014721968042,0.1591889015270532,0.16158357365197304,0.6520465348706161,0.5418255171599228
0.8840126807403192,0.31578220029421755,0.1604668910832536,0.14106139002088292,0.6663733917749552
0.48559101504130253,0.23652224229113772,0.8611385766764528,0.2987765014304245,0.7962873093258525
0.6723909989428514,0.019288959008137967,0.3378326322458669,0.09442851918802522,0.39166200564386977
0.3945235362311169,0.21554112658021063,0.17365358886598037,0.6359035595895273,0.3885932980861602
0.49475172642545573,0.4925939365104397,0.5792356697203053,0.21821606088093304,0.5627612529036692
0.7656200953453265,0.18443384853966902,0.5989190226322129,0.31548241620622397,0.5877788205320901
0.4059549413318349,0.0160064920525348,0.6188038560949505,0.2607079261211888,0.649789250399861
0.7718672836995393,0.46292403204337107,0.31392162228603304,0.4224273898295277,0.6461701652775934
0.6061627903183213,0.0674549201057622,0.11208854737158003,0.17082926524558278,0.5514670531647182
0.41562998361585984,0.08977292722451106,0.8720122955635775,0.2565863199801682,0.3717388160981376
0.5948611608583282,0.05399158302522049,0.300714436552882,0.2651574433650202,0.5636452960950433
0.6458831674440095,0.12023958314151426,0.640821030442038,0.06069065270309632,0.5361857824985613
0.5932714943325794,0.42410152434495485,0.6653038959029677,0.03981419539660806,0.3361689090713977
0.26446629201643157,0.21980716005721287,0.5880059336635886,0.3354249355384948,0.5597011502493213
0.3909294236262697,0.06877915043612652,0.3503259153709186,0.04610898882254193,0.5526921062943481
0.4628722046672743,0.6307027203796463,0.31687700301125266,0.22876947246039814,0.7683867083540119
0.48883498563499306,0.6350355153239503,0.5781346261621625,0.12774179627077423,0.5334120523729653
0.5931008146326017,0.613404054030731,0.7928765068893532,0.2880155464028137,0.417802974102412
0.5266551501399881,0.08185624992207623,0.8573869831387165,0.41482868396751027,0.5888655337174676
0.2996983461934848,0.1800278689296879,0.1847246435230061,0.412519320532224,0.5747451948658501
0.5570296776508945,1.0,0.2238628900781759,0.32382135747885105,0.7193279999170341
0.5915878617925735,0.44353931165483357,0.8557890070264638,0.31353705931765424,0.7241909542168706
0.583968567189656,0.008262983591064458,0.689228182667834,0.4400307639755862,0.6518139741527049
0.6621171088331933,0.020228276345733154,0.8063950598638184,0.3212658186958191,0.7235630266645376
0.6250883231823356,0.18704792933131886,0.26210610730827455,0.18063380661030148,0.4458453678246424
0.5688770118842655,0.7197955648961042,0.5700686968875215,0.04570184569445863,0.4232181262149359
0.48947514328120295,0.23211317580117613,0.6609116755339789,0.48569234685371127,0.5667192227749013
0.2508558599726013,0.20663452171466762,0.6440895083575782,0.6518362739185918,0.5413821839631487
0.5644427328698879,0.03343829235498133,0.42652135269335856,0.19314955151795596,0.4754151929024001
0.5311531530744666,0.32081518293928873,0.11231591335304679,0.20605113739292036,0.5321419173329756
0.540736825579306,0.5179654351890598,0.5663408454434106,0.04119536324293344,0.43563070780999774
0.3084877136269536,0.14361403859015526,0.302481231343687,0.2056788360416841,0.5965043193693919
0.3378415189387607,0.44831337550151146,0.46020339691431233,0.25109787232048447,0.736272385303585
0.6579729279999356,1.0,0.8660648120670539,0.13708514515114265,0.4491797991344149
0.4940667269215017,0.06835882293402393,0.4192282541139478,0.1302740052424783,0.7082328894350182
0.6022251046058936,0.2222790233106407,0.7718412853315414,0.27226555093312327,0.7409565335859893
0.5042477564195692,0.10154021006671617,0.2508324845994009,0.24611140006925436,0.5802653702158755
0.5044634209243618,0.4723000329652422,0.6379683984200231,0.1412021092298885,0.36911184560633215
0.6407425708963996,0.25853605228189347,0.8816055635511548,0.4861145992171175,0.49995611176294297
0.42259329076739394,0.3020143553499828,0.18151448069834944,0.014780399990921697,0.47296921615450616
0.5144181165411476,0.47971881583531983,0.10665595378175362,0.4539745004458399,0.41609807339031984
0.43065870669424366,0.1512396587765341,0.4468662341060915,0.14232334105250088,0.6187249407894555
0.43482556588515264,0.7398492637838896,0.17410038644109377,0.24148516808347148,0.6906373754906026
0.45362418147970407,0.22844635123661433,0.6987074797409851,0.33406224991965594,0.4665004379803581
0.533320065745057,0.05157648347679551,0.8316389310788471,0.2810880917112684,0.6837975508006637
0.4281877067504784,0.35711873534891636,0.4472167781670071,0.2061293731635253,0.44539836661431087
0.6883634188360281,0.4728899537771864,0.30696931372435277,0.18514483032691872,0.5535959412093219
0.3658089046670744,0.11427346343871309,0.4475226552052879,0.24593288911295919,0.5618458508493219
0.47196925337579615,0.5838494941540087,0.6787582542800008,0.4382524363063503,0.7020253603902081
0.43404034125887375,0.7097956938093499,0.10724332926429679,0.3490695177338801,0.7179066914666067
0.7170466826530599,0.09726418787113932,0.5715631915877578,0.11797091530700014,0.7690958720375993
0.5294832164767362,1.0,0.5906333479099033,0.5547513375151625,0.6379051435008095
0.6547766809202953,0.04549517711415165,0.6101505975167484,0.07677377226121533,0.8515640425251855
0.2771659440444542,0.06769989489440273,0.2936176639847018,0.4839746396768906,0.4650681449403073
0.5400575398803888,0.06108495008027151,0.6712421787025014,0.36769343785541203,0.5423647611591305
0.6334446193435156,0.6732657342552397,0.1731131890654211,0.08133912099374865,0.48835894620831893
0.5123425983913136,0.318648716560411,0.25941626917344063,0.45553429315943345,0.4338133972490178
0.6598220562598027,0.049499287875091134,0.8019760373235856,0.3740042746314323,0.6614519120144196
0.4224067324849442,0.17411885846696157,0.6909785205812531,0.34039059318099796,0.5938824714854245
0.711402116027837,0.28658590066438855,0.1109964432090762,0.1467751624799286,0.4779158005944624
0.8448347185428875,0.026146207600097202,0.2987010082958402,0.26731000106425495,0.3777066057536086
0.44557421593405117,0.642181632102682,0.27152518639453166,0.16045474274024674,0.4459335082839533
0.43317462178988425,0.4882859653360824,0.3166450624295781,0.30505491860505535,0.7000916091601919
0.7180076715676551,0.21108459842455082,0.29804781622390913,0.10389755243693713,0.6228486924512568
0.7369358218596068,1.0,0.1500210365942766,0.5856177790771253,0.5474230489104497
0.42157099592700975,0.16226226810881844,0.46715241327745627,0.28277292831949336,0.43206672498819865
0.43697197743562144,1.0,0.6861867798289321,0.21349160042160203,0.5893130425561229
0.4577323086709239,0.3307138114904067,0.5853853797739491,0.3559589768372399,0.4444844346763153
0.29833242334485843,0.3020873128480563,0.6382973348784639,0.5734595733853664,0.40694151668776146
0.36220220802737024,0.05444033871199043,0.16491934282899134,0.1639735907199302,0.7202030694227122
0.34937888498718983,0.6409375872264167,0.8611925681414297,0.41380820189462775,0.4499227617491019
0.38483036523438074,0.16731735940506756,0.7707934670744199,0.2933154218576188,0.4166729164850882
0.49479726689198283,0.053104723344805316,0.7440722547965302,0.24207956740808184,0.7902141928719381
0.5351322098804782,0.003806300736880687,0.7583870440334141,0.027126752195815736,0.4958323894574481
0.7325750739221115,0.2461276325141627,0.8461684065062091,0.3306799193500325,0.7053757496594311
0.3502468938891814,0.22485153439755093,0.5354031728909582,0.40271808547001314,0.5230939012471841
0.6476483597714875,0.3811979534241282,0.26022561429410074,0.49027942323195844,0.5984523879784054
0.46790167336617366,0.6628870817206284,0.593426886282033,0.4097408355054224,0.4620242707800668
0.49258044355213504,0.024821040054164845,0.6943051949343512,0.23165967049274275,0.41175459420366145
0.6012229238249905,0.3944673881281778,0.6903339146832204,0.13816533619505017,0.580641318879831
0.33159169676565525,0.062259298246580747,0.5171592193335041,0.031426297406720205,0.4297125806406488
0.5573614619276076,0.5859527557705675,0.15476697546686247,0.42131836858830984,0.40404619791695234
0.5249678312319584,0.5128827643833013,0.3968903507441023,0.33242093563212066,0.7162346223583527
0.5738676896012224,0.23347675028973014,0.8366132867706859,0.26139806288100587,0.8222851707524086
0.5433752965861727,0.37161358299361874,0.5675591278059409,0.13597794871736024,0.673644923050708
0.8682950209866341,0.11321644518341893,0.5306655546045708,0.05855693160632409,0.5572569466071073
0.4043390023623026,0.19112528603683848,0.3150828115057548,0.6014318584295841,0.6933411388779975
0.4203504567497274,0.5171801717876888,0.39475913593326317,0.542582950337692,0.6002273962506868
0.40652892103628535,0.18444789552722476,0.8162768713225355,0.6298113016787912,0.4622525628797844
0.4166784321259618,0.13285583885596688,0.6331704380214686,0.5844102972718348,0.6520729852654091
0.40439193090402237,0.20449156622545928,0.7299096214018663,0.2623930633446406,0.5537868989227253
0.6783524796661328,0.5285132985802271,0.46347633845412417,0.13723390477446187,0.8485339329588923
0.7130756371984782,0.1224843421393001,0.6041977755649264,0.21205340635920894,0.5236580589581392
0.41438805593757855,0.057261575682388675,0.29870688699456605,0.14378316666901567,0.3783549636519016
0.3751466640343657,0.3734530445205851,0.664368664226789,0.16497031625303862,0.43990052032469174
0.5707123334579606,0.5245724319854693,0.4420810669626699,0.35072344799765787,0.6885062884379798
0.4171665433578543,0.03182072282942652,0.45403641185179644,0.1236767140023194,0.5735938838283368
0.5949397726633266,0.08228136549244058,0.6194578596615054,0.3001301290644164,0.49734604247928904
0.530438453127695,0.04593556021825054,0.8490244971751414,0.08817666749276759,0.5178092555838804
0.2726383827504152,0.12828625846681685,0.15120507728689675,0.2813573235923288,0.8035198793429082
0.7321257801995092,0.17954260437606365,0.7597945898776061,0.2627604540410931,0.3492335380985351
0.7693816509643283,0.4144832083451468,0.3339064883297545,0.5717220352780182,0.780378266050753
0.40808169642734204,0.31593189766065044,0.4551355636051023,0.09787928660380361,0.4276778920598327
0.4418447660096024,0.2910091846046793,0.11753066302000717,0.18090841061389792,0.5492632149887107
0.5428798086087357,0.13033301142209128,0.34083686226745047,0.19189297244548909,0.5347247219909131
0.5501685184980537,0.5525009535102925,0.5021049941041044,0.4378854504808222,0.7620969794534325
0.5987816409009246,0.19119295321317784,0.14494086187795122,0.27657048229760856,0.6904859362548741
0.8015306808149525,1.0,0.4928765835065322,0.3600801505110385,0.6144229001891628
0.4734579158758926,0.3016531131029318,0.8416885030867419,0.29820374710933634,0.5340485634180616
0.38025541331923196,0.040493357154307574,0.1843145744862442,0.11032125402614003,0.6331231360760201
0.2931021157978209,0.3382679833532266,0.7115525824604035,0.1518890752929192,0.9768746052364595
0.39036049400871214,0.11795900907588307,0.42773684270079415,0.390328238498523,0.3669015881026339
0.49503095406893044,0.34782145920746593,0.6241389716194704,0.33110688613123673,0.5550052429197823
0.7691836795276681,0.021655471520863296,0.3081892783881835,0.2008776114080248,0.6694224128004191
0.4223583051445743,0.057668457137736454,0.22759381003308665,0.04897961730116127,0.5371311648174246
0.5335681927458348,0.5808357153054391,0.22837009141698117,0.12330677773666152,0.4516183436797896
0.4975365655890872,0.07731256299203547,0.15639355651451572,0.3349205797884951,0.4012807650337012
0.6782589910172125,0.5442772236338496,0.24851736392099444,0.1397202806821597,0.5319419482981008
0.8790398638810433,0.09824974181362418,0.6313755079911746,0.5791007161606667,0.47878811818645867
0.4203696840619519,0.30890663032507043,0.8053524894748064,0.7419448036885942,0.5537152632497981
0.4265840836222667,0.3553987105288916,0.7513005484729295,0.229838746712316,0.7809808688123971
0.6566241315603608,0.21563474438656485,0.6481074478995873,0.4154026027994106,0.3971775557081598
0.6022837234439467,0.10928716505669463,0.18834549072888215,0.3325062048861093,0.8208892991931793
0.7770060988604051,0.07172257804940574,0.33134995703675985,0.426517797894386,0.48564931397948663
0.5875892277988946,0.010125785763168216,0.3478455002579752,0.6609010846342681,0.6298440897113902
0.44610618638194105,0.10869858357036279,0.299965557118097,0.2930990674380786,0.35625577109607354
0.5885982246038464,0.317669923827666,0.5120045277677785,0.013338125594690553,0.588801246804012
0.6663055370874361,0.8356648337728122,0.5284430519037381,0.33712256543589203,0.6358385190551237
0.6230723271796046,0.6148587798289198,0.38550878013688816,0.5170278545537692,0.5732655300788362
0.5760911046660947,0.43581330742421337,0.3830313269891489,0.057227944692269175,0.49126053843174866
0.6600012034383731,0.46598440302411037,0.7628444783248651,0.6068938944826024,0.7040509953545564
0.6753943385668509,0.3280739051765019,0.7314342786557485,0.6435601389477845,0.4583165908017956
0.707323848655629,0.09044784398918106,0.3462366653445965,0.44023672812312487,0.5739447522611343
0.5973064831384464,0.7131765276585271,0.8310307550986075,0.07909472550479474,0.5351921856556648
0.47493228795247183,0.3332652652260206,0.8622520136020049,0.26411880581258146,0.4407410912108908
0.5220070529649984,0.2465947463659141,0.36139403362403266,0.1450596760975019,0.6113143238806465
0.6809763449762535,0.035293859365279394,0.38353995903444393,0.34464245759930123,0.47728916000316196
0.37745964935191456,0.17774931701518112,0.504507322737567,0.12057825936537216,0.40929613580647334
0.5553009963309352,0.18505494744089865,0.8528966500269388,0.5177780423520806,0.6501427718899249
0.4409991781508959,0.5997759575570892,0.8010555465138492,0.2290506178869762,0.7445832040066802
0.5043117234402226,0.23732606969572928,0.18205437006687186,0.21150460958675008,0.4390042613744947
0.6917677793910948,0.14360461693427354,0.414184594617133,0.19627872082327022,0.48542925444688656
0.5286648602029855,1.0,0.5426969517998175,0.18236175387586814,0.43079346093923404
0.5069654822234223,0.03520313988802755,0.5025059780412321,0.2522517475269617,0.6679157242502458
0.2960215788530121,0.1647392095954005,0.25509045434951416,0.04065240918944571,0.4252885243955823
0.611938034904083,0.012879977492064423,0.7870534169345238,0.3578187963663263,0.4132470910433508
0.5968226271711613,0.40401148489894373,0.6415526263974699,0.15550326169247852,0.5271946398452623
0.8244882084958189,0.7505910093491633,0.7703266998814429,0.4235698184514463,0.491356007126619
0.4538332647570499,0.09856677447420581,0.7870114234795778,0.44685219369483503,0.5365879388399707
0.5328725491495908,0.5863011886538488,0.6986846829325918,0.4449458737235301,0.4964218395960751
0.5374075525566133,0.1036858403754898,0.4513684809997739,0.3495493880605239,0.563605727198185
0.7366179919645212,0.7249619353841913,0.5884374040123397,0.3159843982220047,0.4961666570650193
0.4857056701419572,0.42068066748365085,0.22829232489579454,0.49764687439639277,0.5669788471107072
0.5418532288655509,0.4902833301529316,0.6389163339799262,0.35301906041150677,0.6789421963222113
0.5911844764574808,0.0054511939242493385,0.2434026045914246,0.348523207774895,1.0
0.5279913684734537,0.9875174917309191,0.6551596724081254,0.39836736091044056,0.4487871169889794
0.43303495781742074,0.3891237156494049,0.28367852860317494,0.5924717736409679,0.34998492831257644
0.5291134989347461,0.10904560841931689,0.19404104012017598,0.6535663036221161,0.7478875975566598
0.6610447624789658,0.5305207114814723,0.23222759211436594,0.06796828775507222,0.5032800293841442
0.346022705088341,0.09918572328219573,0.10159370817525622,0.44717098881103223,0.4923146604696889
0.5199454511220314,0.6184895392243249,0.6749916942828242,0.11589173380314252,0.5402574187107553
0.394981877759124,0.035831202744328265,0.6859208392467033,0.28143334907335055,0.85477364667267
0.6792569943387263,0.364900650013256,0.5119466799306076,0.11956740938013885,0.6783163557299319
0.2715219642824338,0.2334145112901766,0.22909024084430696,0.19888562321116215,0.5665999937503183
0.41616172290926173,0.030455196457952857,0.16684347000855182,0.07044139226118197,0.5529741527190452
0.5565817812596782,0.0830795504664904,0.11530317314982962,0.4551597928900048,0.5239874744024989
0.7348286043851511,0.0037444825425084058,0.23259854157217658,0.379625712051158,0.59171952954342
0.49013746083905185,0.1897669129980846,0.8126844279865174,0.6618131445009781,0.4699117529316094
0.41672007099602026,0.10754522845115834,0.2932294733613454,0.44064618606645983,0.43927063667077226
0.7821735604160884,0.27365785512467156,0.38341706177377255,0.06948792611562547,0.821370753483183
0.2827979149375634,0.105821015983571,0.18427638758506656,0.5095985612755747,0.6361555141102991
0.1701791065069877,0.10696781868740222,0.27788904379853624,0.1493362462553793,0.5926325926227884
0.5660021675079998,0.40782936684810783,0.5153796566241641,0.314720980619649,0.5504806825605411
0.4246918663471083,0.014802087971986608,0.586202146476522,0.10387418789996018,0.5089335144105703
0.346815077430393,0.6995887086573536,0.29628185133296886,0.5929483893002673,0.44783174105077594
0.606253467094903,0.5736982594842228,0.14618572738009378,0.14932316516690733,0.37680048191414517
0.5365701070656799,0.3306096538540236,0.41282629530191894,0.17296957661999926,0.5385008990985548
0.41538820538949073,0.26984599202290205,0.2873626967410673,0.5397535652724146,0.6635595681580623
0.30795434019936585,0.6685286671329167,0.2756431385838416,0.20638116668271503,0.6149457506586054
0.6308685992420217,0.06149171282519663,0.8678902421707643,0.5549298642100525,0.30536120907084413
0.5975301766937992,0.024678528097230725,0.5930403887405793,0.26469616515204925,0.8406845435133563
0.48512362043309254,0.08213776201029567,0.5455027545376767,0.20752197434122818,0.393974836440221
0.7769955494071499,0.47480707075882017,0.4326200828186576,0.053680119741308374,0.5832865131918135
0.3394872850510771,0.01058566304859795,0.44315546674411543,0.44520273384232933,0.40310583954458457
0.27117122436128915,0.2622617817658701,0.5327240030704646,0.6184913264668911,0.5161679655890364
0.39621378951781333,1.0,0.6571438456288858,0.3079636847431777,0.3988141320721136
0.49316209754667534,0.5807501231507306,0.6617168769454636,0.6201983383691245,0.4227336125208977
0.5365009173984038,0.22109567160264532,0.23735512616435966,0.15909065280331444,0.4876272322742979
0.4638145913215505,0.019726869645759454,0.5000902016613016,0.3646050375441866,0.651118914987125
0.5528083094771445,0.5340207462980218,0.4295664760272816,0.1976561346945491,0.5145158347881809
0.31226908637143336,0.2741220772631116,0.7964215730155074,0.5660612912767989,0.6955660875759122
0.7165646906109889,0.03662757819084519,0.6051351369747011,0.2127014778705359,0.5292647386767926
0.4876773232411147,0.02956753892233845,0.5260032531327855,0.3177348235421192,0.4516224923441736
0.6675943747382191,0.7211423192353016,0.19231571374313391,0.45414648296824117,0.5519561762614728
0.5514088019566556,0.3318726332064153,0.5845103114587292,0.545266438474012,0.3345250251933763
0.5685129828730676,0.5303310958567214,0.19376312454418676,0.6096707303826775,0.45874195609946244
0.5854650920348305,0.6335371112264824,0.3697652604526017,0.0540647978366633,0.5430485181162669
0.5671562840025972,0.25443010111947606,0.2142735718514655,0.45879491919932563,0.5770939079485716
0.5964084139801316,0.2185989528934736,0.6536589176194951,0.2797013575382582,0.4105530960578748
0.6993728795198647,0.1688607126283723,0.26500169106892213,0.3072771084580013,0.4826836370205143
0.5294781754552205,0.11435466603401494,0.4134874985504208,0.32623161549080326,0.7831758357586095
0.6063505636382769,0.17106440696494016,0.816539822095023,0.10722526643173298,0.8408836961976193
0.486539645856916,0.44600637740001775,0.2634531067191762,0.3770639818680073,0.4287671243612461
0.7160175823174209,0.27633327234513305,0.5062440511670233,0.16405303958143092,0.7600151966604338
0.39854115469110957,0.6691443316888008,0.4354173289328176,0.09330735258658554,0.45469761918298557
0.7701410649366223,0.17576175717658318,0.1144992328365838,0.42918851852003115,0.39047612698771306
0.49397630740334847,0.28025208862958667,0.7342064908582503,0.4391404412077546,0.4188392589790318
0.2853837346822928,0.2993377379072779,0.1552367250516798,0.4907174735759635,0.5979627816066356
0.5192156622366184,0.26872383919785386,0.47940401678156286,0.23375009773159186,0.550810338967805
0.3978422513787679,0.3638372437658933,0.5485426359511599,0.5873590601705874,0.4975716450764545
0.6260965323483086,0.08131965591498382,0.6027411652916697,0.27353861055878254,0.5135295487706927
0.40210640310464135,0.21545567907072416,0.6509053034463005,0.5338089235523403,0.3389862624281871
0.43307248501778306,0.033019738043499246,0.3026179068181721,0.4977652419867526,0.834747237053625
0.21656889035817034,0.1456016212497179,0.1079830213267595,0.19639232316728122,0.686970092570593
0.43215405211263846,0.20063418260062596,0.6787549298839296,0.20698281621196843,0.27690193500873445
0.1364181010056565,0.31685922927578647,0.5285252794780629,0.3092807852183382,0.461264939971591
0.2624145764771415,0.9019230393695828,0.768894162565799,0.6464823574417933,0.5383021061965485
0.6140621984216446,0.27537591729993005,0.7571106903205554,0.2201679526464557,0.5969301468869204
0.6178700237976248,0.4082978479069776,0.7746609342303066,0.3283080109753143,0.7575906412073452
0.5638186342677447,0.21172754665670318,0.4880757279836322,0.33252998755671026,0.4132367421923662
0.35495357853061804,0.30162186741522046,0.3669027166694926,0.21432489810933478,0.47916903498085367
0.492843296578703,0.02207207354883901,0.733246562073096,0.572961885670593,0.6309683754853068
0.49945961913641473,0.08806641716554173,0.46103529042340397,0.20519381117795477,0.6914101802360886
0.32624529662111856,0.13475602821284713,0.2467537571227476,0.3413790661984561,0.6399138646743959
0.7255097452650726,0.19187814497016262,0.7839792156491795,0.36965400535978404,0.8887220304740332
0.6316043435863508,0.014017045200702362,0.8060479014178779,0.44574191783478245,0.4489224561448103
0.46685537392555043,0.045255273161399164,0.47304780491213616,0.3298240899255619,0.6840447014213076
0.5040328758491797,0.09722677623100234,0.16055978184782999,0.1697069302969916,0.518184975487965
0.5312574211921328,1.0,0.410260871933545,0.5634015339795546,0.382874746967839
0.19373976973635643,0.12074701459323359,0.7428301275700827,0.010196305733309296,0.5199764825047335
0.46292339262191046,0.1973577907886253,0.821419222836983,0.24975737013497698,0.4577168326575346
0.3977023628003302,0.06548326513369289,0.26277819399807667,0.28196937401071487,0.624692432327234
0.3497569985157627,0.2830832175419748,0.15357888962021723,0.40258254268631727,0.6272354642517003
0.4578349560671068,0.09883602837342362,0.8018803625062709,0.19538293948857569,0.7933581417037154
0.7696529790274284,0.06957680956477505,0.41152395118310026,0.39933212326921586,0.5522374814897824
0.5961264291900514,0.21805625679732618,0.5334087714140506,0.32099579652469723,0.8081627255179489
0.4143231515325805,0.0016563035811929317,0.8744526496406072,0.39945070041779657,0.4186712080075503
0.5858874172034237,0.0023080656811200902,0.1532517823313783,0.4488438519283061,1.0
